date_time,id_A,ask_A,ask_vol_A,bid_A,bid_vol_A,last_A,id_B,ask_B,ask_vol_B,bid_B,bid_vol_B,last_B,spd_ask,spd_bid,spd_last,trading_date
2020-02-03 09:20:00,al2004,13690.0,56.0,13680.0,34.0,13690.0,al2005,13660.0,13.0,13650.0,6.0,13655.0,30.0,30.0,35.0,2020-02-03
2020-02-03 09:30:00,al2004,13680.0,32.0,13675.0,25.0,13680.0,al2005,13665.0,40.0,13655.0,29.0,13660.0,20.0,15.0,20.0,2020-02-03
2020-02-03 09:40:00,al2004,13650.0,1.0,13645.0,46.0,13650.0,al2005,13640.0,23.0,13635.0,53.0,13640.0,10.0,10.0,10.0,2020-02-03
2020-02-03 09:50:00,al2004,13640.0,26.0,13635.0,3.0,13635.0,al2005,13630.0,2.0,13625.0,32.0,13630.0,10.0,10.0,5.0,2020-02-03
2020-02-03 10:00:00,al2004,13625.0,220.0,13615.0,52.0,13620.0,al2005,13610.0,2.0,13605.0,29.0,13610.0,10.0,15.0,10.0,2020-02-03
2020-02-03 10:10:00,al2004,13620.0,38.0,13610.0,210.0,13615.0,al2005,13605.0,1.0,13600.0,189.0,13600.0,10.0,15.0,15.0,2020-02-03
2020-02-03 10:30:00,al2004,13625.0,2.0,13620.0,203.0,13625.0,al2005,13615.0,25.0,13610.0,73.0,13615.0,10.0,10.0,10.0,2020-02-03
2020-02-03 10:40:00,al2004,13640.0,2.0,13635.0,52.0,13635.0,al2005,13635.0,38.0,13630.0,91.0,13630.0,5.0,5.0,5.0,2020-02-03
2020-02-03 10:50:00,al2004,13660.0,7.0,13655.0,20.0,13655.0,al2005,13655.0,7.0,13650.0,10.0,13655.0,5.0,5.0,0.0,2020-02-03
2020-02-03 11:00:00,al2004,13665.0,32.0,13660.0,13.0,13665.0,al2005,13660.0,114.0,13655.0,12.0,13655.0,5.0,5.0,10.0,2020-02-03
2020-02-03 11:10:00,al2004,13670.0,59.0,13660.0,39.0,13665.0,al2005,13665.0,41.0,13660.0,4.0,13665.0,0.0,5.0,0.0,2020-02-03
2020-02-03 11:20:00,al2004,13655.0,3.0,13645.0,4.0,13650.0,al2005,13650.0,4.0,13640.0,7.0,13645.0,5.0,5.0,5.0,2020-02-03
2020-02-03 11:30:00,al2004,13655.0,3.0,13645.0,4.0,13650.0,al2005,13650.0,4.0,13640.0,7.0,13645.0,5.0,5.0,5.0,2020-02-03
2020-02-03 13:30:00,al2004,13635.0,6.0,13630.0,168.0,13635.0,al2005,13630.0,59.0,13620.0,25.0,13625.0,10.0,5.0,10.0,2020-02-03
2020-02-03 13:40:00,al2004,13630.0,70.0,13625.0,70.0,13630.0,al2005,13625.0,61.0,13620.0,50.0,13625.0,5.0,5.0,5.0,2020-02-03
2020-02-03 13:50:00,al2004,13625.0,16.0,13620.0,50.0,13625.0,al2005,13620.0,137.0,13615.0,41.0,13620.0,5.0,5.0,5.0,2020-02-03
2020-02-03 14:00:00,al2004,13615.0,68.0,13610.0,595.0,13610.0,al2005,13605.0,123.0,13600.0,85.0,13605.0,10.0,10.0,5.0,2020-02-03
2020-02-03 14:10:00,al2004,13615.0,6.0,13610.0,660.0,13615.0,al2005,13610.0,159.0,13605.0,34.0,13605.0,5.0,5.0,10.0,2020-02-03
2020-02-03 14:20:00,al2004,13620.0,121.0,13615.0,5.0,13615.0,al2005,13615.0,52.0,13610.0,58.0,13610.0,5.0,5.0,5.0,2020-02-03
2020-02-03 14:30:00,al2004,13620.0,32.0,13615.0,312.0,13620.0,al2005,13620.0,85.0,13610.0,61.0,13615.0,5.0,0.0,5.0,2020-02-03
2020-02-03 14:40:00,al2004,13630.0,41.0,13625.0,45.0,13630.0,al2005,13625.0,131.0,13620.0,62.0,13620.0,5.0,5.0,10.0,2020-02-03
2020-02-04 09:20:00,al2004,13580.0,100.0,13575.0,48.0,13580.0,al2005,13580.0,2.0,13575.0,52.0,13575.0,0.0,0.0,5.0,2020-02-04
2020-02-04 09:30:00,al2004,13590.0,172.0,13585.0,4.0,13585.0,al2005,13595.0,45.0,13585.0,88.0,13590.0,0.0,-5.0,-5.0,2020-02-04
2020-02-04 09:40:00,al2004,13600.0,39.0,13595.0,44.0,13595.0,al2005,13610.0,135.0,13600.0,59.0,13605.0,-5.0,-10.0,-10.0,2020-02-04
2020-02-04 09:50:00,al2004,13610.0,1.0,13605.0,133.0,13610.0,al2005,13620.0,21.0,13615.0,45.0,13615.0,-10.0,-10.0,-5.0,2020-02-04
2020-02-04 10:00:00,al2004,13610.0,91.0,13605.0,2.0,13605.0,al2005,13615.0,45.0,13610.0,13.0,13610.0,-5.0,-5.0,-5.0,2020-02-04
2020-02-04 10:10:00,al2004,13615.0,14.0,13610.0,45.0,13615.0,al2005,13620.0,49.0,13615.0,21.0,13615.0,-5.0,-5.0,0.0,2020-02-04
2020-02-04 10:30:00,al2004,13595.0,49.0,13590.0,65.0,13595.0,al2005,13610.0,74.0,13600.0,44.0,13605.0,-10.0,-15.0,-10.0,2020-02-04
2020-02-04 10:40:00,al2004,13595.0,39.0,13590.0,42.0,13590.0,al2005,13600.0,6.0,13595.0,87.0,13600.0,-5.0,-5.0,-10.0,2020-02-04
2020-02-04 10:50:00,al2004,13640.0,60.0,13635.0,112.0,13635.0,al2005,13645.0,9.0,13640.0,126.0,13640.0,-5.0,-5.0,-5.0,2020-02-04
2020-02-04 11:00:00,al2004,13615.0,41.0,13610.0,81.0,13610.0,al2005,13630.0,89.0,13625.0,4.0,13625.0,-15.0,-15.0,-15.0,2020-02-04
2020-02-04 11:10:00,al2004,13595.0,77.0,13590.0,31.0,13590.0,al2005,13605.0,33.0,13600.0,44.0,13600.0,-10.0,-10.0,-10.0,2020-02-04
2020-02-04 11:20:00,al2004,13600.0,71.0,13595.0,25.0,13595.0,al2005,13610.0,10.0,13605.0,54.0,13610.0,-10.0,-10.0,-15.0,2020-02-04
2020-02-04 11:30:00,al2004,13600.0,71.0,13595.0,25.0,13595.0,al2005,13610.0,10.0,13605.0,54.0,13610.0,-10.0,-10.0,-15.0,2020-02-04
2020-02-04 13:30:00,al2004,13600.0,196.0,13595.0,36.0,13595.0,al2005,13605.0,23.0,13600.0,7.0,13600.0,-5.0,-5.0,-5.0,2020-02-04
2020-02-04 13:40:00,al2004,13600.0,53.0,13595.0,26.0,13595.0,al2005,13610.0,145.0,13605.0,13.0,13605.0,-10.0,-10.0,-10.0,2020-02-04
2020-02-04 13:50:00,al2004,13615.0,58.0,13610.0,24.0,13610.0,al2005,13615.0,12.0,13610.0,70.0,13610.0,0.0,0.0,0.0,2020-02-04
2020-02-04 14:00:00,al2004,13610.0,60.0,13605.0,35.0,13610.0,al2005,13615.0,1.0,13610.0,45.0,13610.0,-5.0,-5.0,0.0,2020-02-04
2020-02-04 14:10:00,al2004,13610.0,39.0,13605.0,69.0,13605.0,al2005,13620.0,37.0,13615.0,21.0,13615.0,-10.0,-10.0,-10.0,2020-02-04
2020-02-04 14:20:00,al2004,13610.0,85.0,13605.0,176.0,13605.0,al2005,13615.0,47.0,13610.0,119.0,13610.0,-5.0,-5.0,-5.0,2020-02-04
2020-02-04 14:30:00,al2004,13620.0,156.0,13615.0,22.0,13615.0,al2005,13630.0,160.0,13625.0,86.0,13625.0,-10.0,-10.0,-10.0,2020-02-04
2020-02-04 14:40:00,al2004,13620.0,50.0,13615.0,35.0,13620.0,al2005,13650.0,156.0,13645.0,37.0,13645.0,-30.0,-30.0,-25.0,2020-02-04
2020-02-05 09:20:00,al2004,13680.0,81.0,13675.0,114.0,13675.0,al2005,13695.0,10.0,13690.0,21.0,13695.0,-15.0,-15.0,-20.0,2020-02-05
2020-02-05 09:30:00,al2004,13670.0,163.0,13665.0,88.0,13665.0,al2005,13685.0,54.0,13680.0,137.0,13680.0,-15.0,-15.0,-15.0,2020-02-05
2020-02-05 09:40:00,al2004,13665.0,101.0,13660.0,180.0,13660.0,al2005,13685.0,51.0,13680.0,81.0,13680.0,-20.0,-20.0,-20.0,2020-02-05
2020-02-05 09:50:00,al2004,13655.0,71.0,13650.0,14.0,13650.0,al2005,13670.0,63.0,13660.0,86.0,13665.0,-10.0,-15.0,-15.0,2020-02-05
2020-02-05 10:00:00,al2004,13655.0,40.0,13650.0,162.0,13650.0,al2005,13670.0,55.0,13660.0,93.0,13665.0,-10.0,-15.0,-15.0,2020-02-05
2020-02-05 10:10:00,al2004,13645.0,162.0,13640.0,31.0,13640.0,al2005,13655.0,4.0,13650.0,22.0,13655.0,-10.0,-10.0,-15.0,2020-02-05
2020-02-05 10:30:00,al2004,13655.0,3.0,13650.0,75.0,13655.0,al2005,13670.0,79.0,13665.0,10.0,13670.0,-15.0,-15.0,-15.0,2020-02-05
2020-02-05 10:40:00,al2004,13665.0,98.0,13660.0,98.0,13665.0,al2005,13675.0,74.0,13670.0,128.0,13670.0,-10.0,-10.0,-5.0,2020-02-05
2020-02-05 10:50:00,al2004,13675.0,66.0,13670.0,97.0,13675.0,al2005,13685.0,21.0,13680.0,52.0,13685.0,-10.0,-10.0,-10.0,2020-02-05
2020-02-05 11:00:00,al2004,13665.0,24.0,13660.0,59.0,13665.0,al2005,13680.0,83.0,13675.0,34.0,13675.0,-15.0,-15.0,-10.0,2020-02-05
2020-02-05 11:10:00,al2004,13655.0,35.0,13650.0,182.0,13655.0,al2005,13670.0,8.0,13665.0,21.0,13670.0,-15.0,-15.0,-15.0,2020-02-05
2020-02-05 11:20:00,al2004,13660.0,28.0,13655.0,10.0,13655.0,al2005,13670.0,4.0,13665.0,3.0,13670.0,-10.0,-10.0,-15.0,2020-02-05
2020-02-05 11:30:00,al2004,13660.0,28.0,13655.0,10.0,13655.0,al2005,13670.0,4.0,13665.0,3.0,13670.0,-10.0,-10.0,-15.0,2020-02-05
2020-02-05 13:30:00,al2004,13665.0,35.0,13660.0,83.0,13665.0,al2005,13680.0,54.0,13675.0,104.0,13680.0,-15.0,-15.0,-15.0,2020-02-05
2020-02-05 13:40:00,al2004,13670.0,2.0,13665.0,46.0,13670.0,al2005,13685.0,16.0,13680.0,31.0,13685.0,-15.0,-15.0,-15.0,2020-02-05
2020-02-05 13:50:00,al2004,13675.0,59.0,13670.0,88.0,13675.0,al2005,13685.0,28.0,13680.0,24.0,13680.0,-10.0,-10.0,-5.0,2020-02-05
2020-02-05 14:00:00,al2004,13660.0,109.0,13655.0,86.0,13660.0,al2005,13670.0,23.0,13665.0,58.0,13665.0,-10.0,-10.0,-5.0,2020-02-05
2020-02-05 14:10:00,al2004,13645.0,61.0,13640.0,24.0,13640.0,al2005,13650.0,141.0,13645.0,108.0,13650.0,-5.0,-5.0,-10.0,2020-02-05
2020-02-05 14:20:00,al2004,13640.0,62.0,13635.0,178.0,13640.0,al2005,13650.0,239.0,13640.0,129.0,13645.0,-5.0,-10.0,-5.0,2020-02-05
2020-02-05 14:30:00,al2004,13640.0,54.0,13635.0,83.0,13640.0,al2005,13645.0,23.0,13640.0,87.0,13640.0,-5.0,-5.0,0.0,2020-02-05
2020-02-05 14:40:00,al2004,13640.0,64.0,13635.0,67.0,13635.0,al2005,13645.0,34.0,13640.0,221.0,13645.0,-5.0,-5.0,-10.0,2020-02-05
2020-02-06 09:20:00,al2004,13690.0,272.0,13685.0,162.0,13685.0,al2005,13685.0,10.0,13680.0,97.0,13685.0,5.0,5.0,0.0,2020-02-06
2020-02-06 09:30:00,al2004,13690.0,218.0,13685.0,40.0,13685.0,al2005,13685.0,37.0,13680.0,34.0,13680.0,5.0,5.0,5.0,2020-02-06
2020-02-06 09:40:00,al2004,13690.0,87.0,13685.0,55.0,13685.0,al2005,13690.0,47.0,13685.0,10.0,13685.0,0.0,0.0,0.0,2020-02-06
2020-02-06 09:50:00,al2004,13700.0,72.0,13695.0,103.0,13695.0,al2005,13700.0,59.0,13690.0,31.0,13695.0,5.0,0.0,0.0,2020-02-06
2020-02-06 10:00:00,al2004,13695.0,28.0,13690.0,50.0,13695.0,al2005,13695.0,23.0,13685.0,37.0,13690.0,5.0,0.0,5.0,2020-02-06
2020-02-06 10:10:00,al2004,13685.0,93.0,13680.0,45.0,13685.0,al2005,13680.0,31.0,13675.0,50.0,13680.0,5.0,5.0,5.0,2020-02-06
2020-02-06 10:30:00,al2004,13685.0,65.0,13680.0,105.0,13685.0,al2005,13690.0,44.0,13685.0,31.0,13685.0,-5.0,-5.0,0.0,2020-02-06
2020-02-06 10:40:00,al2004,13690.0,115.0,13685.0,115.0,13685.0,al2005,13695.0,39.0,13690.0,25.0,13690.0,-5.0,-5.0,-5.0,2020-02-06
2020-02-06 10:50:00,al2004,13690.0,239.0,13685.0,85.0,13690.0,al2005,13695.0,93.0,13685.0,71.0,13690.0,0.0,-5.0,0.0,2020-02-06
2020-02-06 11:00:00,al2004,13690.0,25.0,13685.0,82.0,13690.0,al2005,13695.0,79.0,13690.0,114.0,13695.0,-5.0,-5.0,-5.0,2020-02-06
2020-02-06 11:10:00,al2004,13695.0,66.0,13690.0,166.0,13695.0,al2005,13700.0,27.0,13695.0,75.0,13695.0,-5.0,-5.0,0.0,2020-02-06
2020-02-06 11:20:00,al2004,13685.0,48.0,13680.0,56.0,13685.0,al2005,13690.0,16.0,13685.0,9.0,13690.0,-5.0,-5.0,-5.0,2020-02-06
2020-02-06 11:30:00,al2004,13685.0,48.0,13680.0,56.0,13685.0,al2005,13690.0,16.0,13685.0,9.0,13690.0,-5.0,-5.0,-5.0,2020-02-06
2020-02-06 13:30:00,al2004,13700.0,91.0,13695.0,99.0,13700.0,al2005,13700.0,25.0,13695.0,67.0,13700.0,0.0,0.0,0.0,2020-02-06
2020-02-06 13:40:00,al2004,13690.0,21.0,13685.0,99.0,13690.0,al2005,13695.0,61.0,13690.0,44.0,13690.0,-5.0,-5.0,0.0,2020-02-06
2020-02-06 13:50:00,al2004,13700.0,116.0,13690.0,144.0,13695.0,al2005,13700.0,30.0,13695.0,44.0,13695.0,-5.0,0.0,0.0,2020-02-06
2020-02-06 14:00:00,al2004,13690.0,135.0,13685.0,136.0,13690.0,al2005,13695.0,36.0,13690.0,24.0,13695.0,-5.0,-5.0,-5.0,2020-02-06
2020-02-06 14:10:00,al2004,13690.0,68.0,13685.0,26.0,13685.0,al2005,13695.0,57.0,13690.0,27.0,13690.0,-5.0,-5.0,-5.0,2020-02-06
2020-02-06 14:20:00,al2004,13690.0,62.0,13685.0,26.0,13685.0,al2005,13695.0,44.0,13690.0,32.0,13695.0,-5.0,-5.0,-10.0,2020-02-06
2020-02-06 14:30:00,al2004,13695.0,99.0,13690.0,105.0,13695.0,al2005,13700.0,69.0,13695.0,26.0,13695.0,-5.0,-5.0,0.0,2020-02-06
2020-02-06 14:40:00,al2004,13690.0,64.0,13685.0,223.0,13685.0,al2005,13695.0,66.0,13690.0,87.0,13695.0,-5.0,-5.0,-10.0,2020-02-06
2020-02-07 09:20:00,al2004,13720.0,234.0,13715.0,119.0,13720.0,al2005,13725.0,72.0,13715.0,123.0,13720.0,0.0,-5.0,0.0,2020-02-07
2020-02-07 09:30:00,al2004,13715.0,238.0,13705.0,69.0,13710.0,al2005,13720.0,80.0,13710.0,37.0,13715.0,-5.0,-5.0,-5.0,2020-02-07
2020-02-07 09:40:00,al2004,13725.0,52.0,13720.0,98.0,13725.0,al2005,13730.0,225.0,13725.0,21.0,13725.0,-5.0,-5.0,0.0,2020-02-07
2020-02-07 09:50:00,al2004,13730.0,56.0,13725.0,37.0,13730.0,al2005,13730.0,1.0,13725.0,90.0,13730.0,0.0,0.0,0.0,2020-02-07
2020-02-07 10:00:00,al2004,13730.0,153.0,13725.0,106.0,13725.0,al2005,13730.0,19.0,13725.0,45.0,13730.0,0.0,0.0,-5.0,2020-02-07
2020-02-07 10:10:00,al2004,13720.0,110.0,13715.0,22.0,13715.0,al2005,13725.0,64.0,13715.0,97.0,13725.0,0.0,-5.0,-10.0,2020-02-07
2020-02-07 10:30:00,al2004,13725.0,55.0,13720.0,90.0,13720.0,al2005,13730.0,112.0,13725.0,11.0,13725.0,-5.0,-5.0,-5.0,2020-02-07
2020-02-07 10:40:00,al2004,13725.0,48.0,13720.0,150.0,13720.0,al2005,13730.0,52.0,13725.0,7.0,13725.0,-5.0,-5.0,-5.0,2020-02-07
2020-02-07 10:50:00,al2004,13725.0,120.0,13720.0,272.0,13720.0,al2005,13730.0,46.0,13725.0,64.0,13725.0,-5.0,-5.0,-5.0,2020-02-07
2020-02-07 11:00:00,al2004,13720.0,226.0,13715.0,180.0,13715.0,al2005,13720.0,19.0,13715.0,87.0,13720.0,0.0,0.0,-5.0,2020-02-07
2020-02-07 11:10:00,al2004,13725.0,117.0,13720.0,13.0,13720.0,al2005,13725.0,18.0,13720.0,67.0,13720.0,0.0,0.0,0.0,2020-02-07
2020-02-07 11:20:00,al2004,13730.0,186.0,13720.0,47.0,13725.0,al2005,13735.0,10.0,13730.0,27.0,13730.0,-10.0,-5.0,-5.0,2020-02-07
2020-02-07 11:30:00,al2004,13730.0,186.0,13720.0,47.0,13725.0,al2005,13735.0,10.0,13730.0,27.0,13730.0,-10.0,-5.0,-5.0,2020-02-07
2020-02-07 13:30:00,al2004,13735.0,188.0,13730.0,41.0,13735.0,al2005,13745.0,32.0,13740.0,39.0,13740.0,-10.0,-10.0,-5.0,2020-02-07
2020-02-07 13:40:00,al2004,13735.0,83.0,13730.0,37.0,13730.0,al2005,13740.0,40.0,13735.0,82.0,13740.0,-5.0,-5.0,-10.0,2020-02-07
2020-02-07 13:50:00,al2004,13740.0,23.0,13735.0,164.0,13740.0,al2005,13750.0,43.0,13745.0,34.0,13750.0,-10.0,-10.0,-10.0,2020-02-07
2020-02-07 14:00:00,al2004,13745.0,84.0,13740.0,70.0,13740.0,al2005,13750.0,40.0,13745.0,48.0,13750.0,-5.0,-5.0,-10.0,2020-02-07
2020-02-07 14:10:00,al2004,13745.0,152.0,13740.0,105.0,13740.0,al2005,13750.0,39.0,13745.0,70.0,13750.0,-5.0,-5.0,-10.0,2020-02-07
2020-02-07 14:20:00,al2004,13745.0,20.0,13740.0,106.0,13745.0,al2005,13755.0,62.0,13745.0,70.0,13750.0,-5.0,-10.0,-5.0,2020-02-07
2020-02-07 14:30:00,al2004,13745.0,119.0,13740.0,10.0,13740.0,al2005,13750.0,87.0,13745.0,48.0,13745.0,-5.0,-5.0,-5.0,2020-02-07
2020-02-07 14:40:00,al2004,13745.0,66.0,13740.0,135.0,13745.0,al2005,13755.0,44.0,13750.0,33.0,13750.0,-10.0,-10.0,-5.0,2020-02-07
2020-02-10 09:20:00,al2004,13715.0,125.0,13710.0,98.0,13715.0,al2005,13735.0,44.0,13730.0,23.0,13730.0,-20.0,-20.0,-15.0,2020-02-10
2020-02-10 09:30:00,al2004,13715.0,108.0,13710.0,158.0,13715.0,al2005,13730.0,96.0,13725.0,83.0,13725.0,-15.0,-15.0,-10.0,2020-02-10
2020-02-10 09:40:00,al2004,13725.0,33.0,13720.0,56.0,13725.0,al2005,13745.0,37.0,13740.0,141.0,13745.0,-20.0,-20.0,-20.0,2020-02-10
2020-02-10 09:50:00,al2004,13720.0,172.0,13715.0,109.0,13715.0,al2005,13735.0,35.0,13730.0,50.0,13735.0,-15.0,-15.0,-20.0,2020-02-10
2020-02-10 10:00:00,al2004,13725.0,211.0,13720.0,121.0,13720.0,al2005,13735.0,27.0,13730.0,154.0,13735.0,-10.0,-10.0,-15.0,2020-02-10
2020-02-10 10:10:00,al2004,13715.0,259.0,13710.0,269.0,13715.0,al2005,13730.0,12.0,13720.0,50.0,13725.0,-10.0,-15.0,-10.0,2020-02-10
2020-02-10 10:30:00,al2004,13725.0,104.0,13720.0,136.0,13725.0,al2005,13740.0,52.0,13735.0,29.0,13740.0,-15.0,-15.0,-15.0,2020-02-10
2020-02-10 10:40:00,al2004,13725.0,147.0,13720.0,365.0,13725.0,al2005,13740.0,91.0,13735.0,11.0,13735.0,-15.0,-15.0,-10.0,2020-02-10
2020-02-10 10:50:00,al2004,13735.0,17.0,13730.0,151.0,13730.0,al2005,13755.0,102.0,13750.0,45.0,13750.0,-20.0,-20.0,-20.0,2020-02-10
2020-02-10 11:00:00,al2004,13750.0,162.0,13745.0,37.0,13745.0,al2005,13770.0,52.0,13765.0,75.0,13770.0,-20.0,-20.0,-25.0,2020-02-10
2020-02-10 11:10:00,al2004,13745.0,323.0,13740.0,121.0,13740.0,al2005,13775.0,162.0,13765.0,226.0,13765.0,-25.0,-30.0,-25.0,2020-02-10
2020-02-10 11:20:00,al2004,13740.0,79.0,13735.0,15.0,13740.0,al2005,13765.0,29.0,13760.0,41.0,13765.0,-25.0,-25.0,-25.0,2020-02-10
2020-02-10 11:30:00,al2004,13740.0,78.0,13735.0,12.0,13740.0,al2005,13765.0,29.0,13760.0,41.0,13765.0,-25.0,-25.0,-25.0,2020-02-10
2020-02-10 13:30:00,al2004,13740.0,167.0,13735.0,98.0,13740.0,al2005,13770.0,131.0,13760.0,235.0,13765.0,-25.0,-30.0,-25.0,2020-02-10
2020-02-10 13:40:00,al2004,13740.0,264.0,13735.0,74.0,13740.0,al2005,13765.0,87.0,13760.0,68.0,13765.0,-25.0,-25.0,-25.0,2020-02-10
2020-02-10 13:50:00,al2004,13740.0,91.0,13735.0,145.0,13740.0,al2005,13765.0,112.0,13760.0,109.0,13765.0,-25.0,-25.0,-25.0,2020-02-10
2020-02-10 14:00:00,al2004,13740.0,12.0,13735.0,123.0,13740.0,al2005,13765.0,38.0,13760.0,81.0,13765.0,-25.0,-25.0,-25.0,2020-02-10
2020-02-10 14:10:00,al2004,13740.0,43.0,13735.0,183.0,13740.0,al2005,13770.0,172.0,13765.0,23.0,13765.0,-30.0,-30.0,-25.0,2020-02-10
2020-02-10 14:20:00,al2004,13740.0,109.0,13735.0,179.0,13740.0,al2005,13770.0,101.0,13765.0,57.0,13765.0,-30.0,-30.0,-25.0,2020-02-10
2020-02-10 14:30:00,al2004,13740.0,119.0,13735.0,87.0,13735.0,al2005,13770.0,110.0,13765.0,44.0,13765.0,-30.0,-30.0,-30.0,2020-02-10
2020-02-10 14:40:00,al2004,13745.0,128.0,13740.0,89.0,13740.0,al2005,13770.0,21.0,13765.0,85.0,13770.0,-25.0,-25.0,-30.0,2020-02-10
2020-02-11 09:20:00,al2004,13730.0,98.0,13725.0,18.0,13725.0,al2005,13730.0,40.0,13725.0,51.0,13730.0,0.0,0.0,-5.0,2020-02-11
2020-02-11 09:30:00,al2004,13730.0,118.0,13725.0,25.0,13725.0,al2005,13725.0,70.0,13720.0,108.0,13725.0,5.0,5.0,0.0,2020-02-11
2020-02-11 09:40:00,al2004,13750.0,130.0,13745.0,60.0,13750.0,al2005,13740.0,70.0,13735.0,5.0,13735.0,10.0,10.0,15.0,2020-02-11
2020-02-11 09:50:00,al2004,13770.0,43.0,13765.0,52.0,13765.0,al2005,13760.0,46.0,13755.0,13.0,13755.0,10.0,10.0,10.0,2020-02-11
2020-02-11 10:00:00,al2004,13795.0,143.0,13790.0,275.0,13795.0,al2005,13775.0,56.0,13770.0,15.0,13770.0,20.0,20.0,25.0,2020-02-11
2020-02-11 10:10:00,al2004,13800.0,69.0,13790.0,42.0,13795.0,al2005,13770.0,5.0,13765.0,47.0,13770.0,25.0,30.0,25.0,2020-02-11
2020-02-11 10:30:00,al2004,13785.0,51.0,13780.0,76.0,13785.0,al2005,13765.0,25.0,13760.0,42.0,13765.0,20.0,20.0,20.0,2020-02-11
2020-02-11 10:40:00,al2004,13775.0,147.0,13770.0,79.0,13770.0,al2005,13760.0,68.0,13755.0,26.0,13755.0,15.0,15.0,15.0,2020-02-11
2020-02-11 10:50:00,al2004,13780.0,73.0,13775.0,72.0,13780.0,al2005,13755.0,45.0,13750.0,15.0,13750.0,25.0,25.0,30.0,2020-02-11
2020-02-11 11:00:00,al2004,13775.0,62.0,13770.0,101.0,13770.0,al2005,13750.0,73.0,13745.0,133.0,13745.0,25.0,25.0,25.0,2020-02-11
2020-02-11 11:10:00,al2004,13750.0,92.0,13745.0,106.0,13750.0,al2005,13730.0,108.0,13725.0,2.0,13725.0,20.0,20.0,25.0,2020-02-11
2020-02-11 11:20:00,al2004,13765.0,67.0,13760.0,17.0,13760.0,al2005,13735.0,2.0,13730.0,7.0,13735.0,30.0,30.0,25.0,2020-02-11
2020-02-11 11:30:00,al2004,13765.0,67.0,13760.0,17.0,13760.0,al2005,13735.0,2.0,13730.0,7.0,13735.0,30.0,30.0,25.0,2020-02-11
2020-02-11 13:30:00,al2004,13760.0,91.0,13755.0,36.0,13755.0,al2005,13735.0,81.0,13730.0,21.0,13735.0,25.0,25.0,20.0,2020-02-11
2020-02-11 13:40:00,al2004,13760.0,204.0,13755.0,254.0,13755.0,al2005,13735.0,53.0,13730.0,96.0,13735.0,25.0,25.0,20.0,2020-02-11
2020-02-11 13:50:00,al2004,13775.0,105.0,13770.0,103.0,13770.0,al2005,13750.0,19.0,13745.0,86.0,13750.0,25.0,25.0,20.0,2020-02-11
2020-02-11 14:00:00,al2004,13775.0,82.0,13770.0,81.0,13770.0,al2005,13755.0,48.0,13745.0,73.0,13750.0,25.0,20.0,20.0,2020-02-11
2020-02-11 14:10:00,al2004,13775.0,40.0,13770.0,94.0,13770.0,al2005,13755.0,51.0,13750.0,56.0,13755.0,20.0,20.0,15.0,2020-02-11
2020-02-11 14:20:00,al2004,13775.0,67.0,13770.0,155.0,13770.0,al2005,13750.0,21.0,13745.0,116.0,13745.0,25.0,25.0,25.0,2020-02-11
2020-02-11 14:30:00,al2004,13770.0,115.0,13765.0,43.0,13765.0,al2005,13745.0,29.0,13740.0,9.0,13740.0,25.0,25.0,25.0,2020-02-11
2020-02-11 14:40:00,al2004,13765.0,96.0,13760.0,107.0,13765.0,al2005,13740.0,12.0,13735.0,74.0,13735.0,25.0,25.0,30.0,2020-02-11
2020-02-12 09:20:00,al2004,13790.0,66.0,13785.0,103.0,13790.0,al2005,13775.0,57.0,13770.0,85.0,13775.0,15.0,15.0,15.0,2020-02-12
2020-02-12 09:30:00,al2004,13785.0,43.0,13780.0,210.0,13780.0,al2005,13775.0,202.0,13770.0,84.0,13775.0,10.0,10.0,5.0,2020-02-12
2020-02-12 09:40:00,al2004,13780.0,236.0,13775.0,93.0,13775.0,al2005,13770.0,107.0,13765.0,100.0,13765.0,10.0,10.0,10.0,2020-02-12
2020-02-12 09:50:00,al2004,13765.0,207.0,13760.0,97.0,13760.0,al2005,13760.0,434.0,13750.0,168.0,13755.0,10.0,5.0,5.0,2020-02-12
2020-02-12 10:00:00,al2004,13760.0,10.0,13755.0,148.0,13760.0,al2005,13755.0,123.0,13750.0,97.0,13755.0,5.0,5.0,5.0,2020-02-12
2020-02-12 10:10:00,al2004,13765.0,83.0,13755.0,84.0,13760.0,al2005,13755.0,18.0,13750.0,1.0,13750.0,5.0,10.0,10.0,2020-02-12
2020-02-12 10:30:00,al2004,13760.0,94.0,13755.0,444.0,13755.0,al2005,13750.0,123.0,13745.0,85.0,13745.0,10.0,10.0,10.0,2020-02-12
2020-02-12 10:40:00,al2004,13760.0,237.0,13755.0,68.0,13755.0,al2005,13750.0,72.0,13745.0,217.0,13745.0,10.0,10.0,10.0,2020-02-12
2020-02-12 10:50:00,al2004,13760.0,209.0,13755.0,105.0,13755.0,al2005,13750.0,56.0,13745.0,167.0,13750.0,10.0,10.0,5.0,2020-02-12
2020-02-12 11:00:00,al2004,13760.0,148.0,13755.0,192.0,13760.0,al2005,13755.0,142.0,13750.0,74.0,13750.0,5.0,5.0,10.0,2020-02-12
2020-02-12 11:10:00,al2004,13760.0,182.0,13755.0,29.0,13755.0,al2005,13750.0,48.0,13745.0,222.0,13745.0,10.0,10.0,10.0,2020-02-12
2020-02-12 11:20:00,al2004,13760.0,86.0,13755.0,215.0,13755.0,al2005,13755.0,2.0,13750.0,566.0,13755.0,5.0,5.0,0.0,2020-02-12
2020-02-12 11:30:00,al2004,13760.0,86.0,13755.0,215.0,13755.0,al2005,13755.0,2.0,13750.0,566.0,13755.0,5.0,5.0,0.0,2020-02-12
2020-02-12 13:30:00,al2004,13765.0,127.0,13760.0,84.0,13765.0,al2005,13755.0,24.0,13750.0,390.0,13750.0,10.0,10.0,15.0,2020-02-12
2020-02-12 13:40:00,al2004,13760.0,122.0,13755.0,224.0,13755.0,al2005,13755.0,94.0,13750.0,370.0,13755.0,5.0,5.0,0.0,2020-02-12
2020-02-12 13:50:00,al2004,13750.0,107.0,13745.0,172.0,13750.0,al2005,13745.0,108.0,13740.0,82.0,13745.0,5.0,5.0,5.0,2020-02-12
2020-02-12 14:00:00,al2004,13755.0,96.0,13750.0,154.0,13750.0,al2005,13745.0,33.0,13740.0,126.0,13745.0,10.0,10.0,5.0,2020-02-12
2020-02-12 14:10:00,al2004,13760.0,161.0,13755.0,47.0,13755.0,al2005,13750.0,98.0,13745.0,31.0,13745.0,10.0,10.0,10.0,2020-02-12
2020-02-12 14:20:00,al2004,13760.0,123.0,13755.0,71.0,13755.0,al2005,13755.0,94.0,13745.0,83.0,13750.0,10.0,5.0,5.0,2020-02-12
2020-02-12 14:30:00,al2004,13765.0,195.0,13760.0,4.0,13760.0,al2005,13755.0,83.0,13750.0,96.0,13755.0,10.0,10.0,5.0,2020-02-12
2020-02-12 14:40:00,al2004,13760.0,43.0,13755.0,150.0,13755.0,al2005,13755.0,82.0,13750.0,126.0,13755.0,5.0,5.0,0.0,2020-02-12
2020-02-13 09:20:00,al2004,13745.0,80.0,13740.0,13.0,13740.0,al2005,13745.0,28.0,13740.0,23.0,13745.0,0.0,0.0,-5.0,2020-02-13
2020-02-13 09:30:00,al2004,13750.0,159.0,13740.0,111.0,13745.0,al2005,13750.0,57.0,13745.0,12.0,13745.0,-5.0,0.0,0.0,2020-02-13
2020-02-13 09:40:00,al2004,13745.0,57.0,13740.0,196.0,13745.0,al2005,13745.0,29.0,13740.0,155.0,13745.0,0.0,0.0,0.0,2020-02-13
2020-02-13 09:50:00,al2004,13745.0,198.0,13740.0,79.0,13740.0,al2005,13745.0,38.0,13740.0,22.0,13745.0,0.0,0.0,-5.0,2020-02-13
2020-02-13 10:00:00,al2004,13745.0,186.0,13740.0,16.0,13740.0,al2005,13745.0,53.0,13740.0,2.0,13745.0,0.0,0.0,-5.0,2020-02-13
2020-02-13 10:10:00,al2004,13740.0,11.0,13735.0,148.0,13740.0,al2005,13740.0,16.0,13735.0,1.0,13735.0,0.0,0.0,5.0,2020-02-13
2020-02-13 10:30:00,al2004,13735.0,168.0,13730.0,573.0,13735.0,al2005,13735.0,109.0,13730.0,49.0,13735.0,0.0,0.0,0.0,2020-02-13
2020-02-13 10:40:00,al2004,13730.0,175.0,13725.0,340.0,13725.0,al2005,13730.0,116.0,13725.0,95.0,13730.0,0.0,0.0,-5.0,2020-02-13
2020-02-13 10:50:00,al2004,13735.0,79.0,13730.0,90.0,13730.0,al2005,13735.0,27.0,13730.0,51.0,13735.0,0.0,0.0,-5.0,2020-02-13
2020-02-13 11:00:00,al2004,13740.0,155.0,13735.0,49.0,13735.0,al2005,13740.0,78.0,13735.0,43.0,13735.0,0.0,0.0,0.0,2020-02-13
2020-02-13 11:10:00,al2004,13730.0,69.0,13725.0,83.0,13725.0,al2005,13730.0,72.0,13725.0,76.0,13730.0,0.0,0.0,-5.0,2020-02-13
2020-02-13 11:20:00,al2004,13735.0,62.0,13730.0,8.0,13730.0,al2005,13735.0,38.0,13730.0,7.0,13730.0,0.0,0.0,0.0,2020-02-13
2020-02-13 11:30:00,al2004,13735.0,49.0,13730.0,9.0,13730.0,al2005,13735.0,38.0,13730.0,7.0,13730.0,0.0,0.0,0.0,2020-02-13
2020-02-13 13:30:00,al2004,13740.0,143.0,13735.0,72.0,13740.0,al2005,13735.0,25.0,13730.0,103.0,13730.0,5.0,5.0,10.0,2020-02-13
2020-02-13 13:40:00,al2004,13740.0,108.0,13735.0,95.0,13735.0,al2005,13735.0,44.0,13730.0,113.0,13735.0,5.0,5.0,0.0,2020-02-13
2020-02-13 13:50:00,al2004,13740.0,90.0,13735.0,144.0,13740.0,al2005,13740.0,155.0,13735.0,92.0,13735.0,0.0,0.0,5.0,2020-02-13
2020-02-13 14:00:00,al2004,13740.0,31.0,13735.0,99.0,13735.0,al2005,13745.0,135.0,13740.0,75.0,13740.0,-5.0,-5.0,-5.0,2020-02-13
2020-02-13 14:10:00,al2004,13735.0,153.0,13730.0,136.0,13730.0,al2005,13740.0,108.0,13735.0,395.0,13735.0,-5.0,-5.0,-5.0,2020-02-13
2020-02-13 14:20:00,al2004,13740.0,126.0,13735.0,17.0,13735.0,al2005,13745.0,68.0,13740.0,277.0,13745.0,-5.0,-5.0,-10.0,2020-02-13
2020-02-13 14:30:00,al2004,13740.0,82.0,13735.0,130.0,13735.0,al2005,13745.0,25.0,13740.0,290.0,13745.0,-5.0,-5.0,-10.0,2020-02-13
2020-02-13 14:40:00,al2004,13735.0,56.0,13730.0,112.0,13735.0,al2005,13740.0,163.0,13735.0,89.0,13740.0,-5.0,-5.0,-5.0,2020-02-13
2020-02-14 09:20:00,al2004,13730.0,164.0,13725.0,62.0,13725.0,al2005,13735.0,49.0,13730.0,110.0,13730.0,-5.0,-5.0,-5.0,2020-02-14
2020-02-14 09:30:00,al2004,13725.0,124.0,13720.0,139.0,13725.0,al2005,13730.0,80.0,13725.0,144.0,13725.0,-5.0,-5.0,0.0,2020-02-14
2020-02-14 09:40:00,al2004,13725.0,21.0,13720.0,88.0,13725.0,al2005,13740.0,134.0,13735.0,72.0,13735.0,-15.0,-15.0,-10.0,2020-02-14
2020-02-14 09:50:00,al2004,13720.0,159.0,13715.0,23.0,13720.0,al2005,13725.0,52.0,13720.0,128.0,13725.0,-5.0,-5.0,-5.0,2020-02-14
2020-02-14 10:00:00,al2004,13705.0,161.0,13700.0,22.0,13700.0,al2005,13715.0,58.0,13710.0,116.0,13715.0,-10.0,-10.0,-15.0,2020-02-14
2020-02-14 10:10:00,al2004,13705.0,115.0,13700.0,28.0,13705.0,al2005,13715.0,103.0,13710.0,55.0,13710.0,-10.0,-10.0,-5.0,2020-02-14
2020-02-14 10:30:00,al2004,13705.0,50.0,13700.0,183.0,13705.0,al2005,13715.0,99.0,13710.0,138.0,13715.0,-10.0,-10.0,-10.0,2020-02-14
2020-02-14 10:40:00,al2004,13715.0,30.0,13710.0,195.0,13715.0,al2005,13725.0,39.0,13720.0,53.0,13725.0,-10.0,-10.0,-10.0,2020-02-14
2020-02-14 10:50:00,al2004,13715.0,107.0,13710.0,78.0,13715.0,al2005,13725.0,29.0,13720.0,43.0,13725.0,-10.0,-10.0,-10.0,2020-02-14
2020-02-14 11:00:00,al2004,13715.0,150.0,13710.0,122.0,13710.0,al2005,13725.0,50.0,13720.0,43.0,13720.0,-10.0,-10.0,-10.0,2020-02-14
2020-02-14 11:10:00,al2004,13710.0,162.0,13705.0,61.0,13705.0,al2005,13715.0,61.0,13710.0,225.0,13710.0,-5.0,-5.0,-5.0,2020-02-14
2020-02-14 11:20:00,al2004,13715.0,8.0,13710.0,16.0,13710.0,al2005,13720.0,10.0,13715.0,40.0,13720.0,-5.0,-5.0,-10.0,2020-02-14
2020-02-14 11:30:00,al2004,13715.0,8.0,13710.0,16.0,13710.0,al2005,13720.0,9.0,13715.0,40.0,13720.0,-5.0,-5.0,-10.0,2020-02-14
2020-02-14 13:30:00,al2004,13720.0,162.0,13715.0,130.0,13720.0,al2005,13725.0,1.0,13720.0,182.0,13725.0,-5.0,-5.0,-5.0,2020-02-14
2020-02-14 13:40:00,al2004,13720.0,136.0,13715.0,649.0,13720.0,al2005,13725.0,33.0,13720.0,108.0,13725.0,-5.0,-5.0,-5.0,2020-02-14
2020-02-14 13:50:00,al2004,13720.0,57.0,13715.0,458.0,13720.0,al2005,13730.0,114.0,13725.0,54.0,13725.0,-10.0,-10.0,-5.0,2020-02-14
2020-02-14 14:00:00,al2004,13720.0,73.0,13715.0,495.0,13715.0,al2005,13730.0,93.0,13725.0,132.0,13730.0,-10.0,-10.0,-15.0,2020-02-14
2020-02-14 14:10:00,al2004,13725.0,123.0,13720.0,144.0,13725.0,al2005,13730.0,40.0,13725.0,127.0,13725.0,-5.0,-5.0,0.0,2020-02-14
2020-02-14 14:20:00,al2004,13730.0,205.0,13720.0,159.0,13725.0,al2005,13735.0,117.0,13730.0,118.0,13735.0,-10.0,-5.0,-10.0,2020-02-14
2020-02-14 14:30:00,al2004,13720.0,25.0,13715.0,503.0,13720.0,al2005,13725.0,6.0,13720.0,102.0,13725.0,-5.0,-5.0,-5.0,2020-02-14
2020-02-14 14:40:00,al2004,13725.0,174.0,13720.0,43.0,13720.0,al2005,13730.0,291.0,13725.0,43.0,13725.0,-5.0,-5.0,-5.0,2020-02-14
2020-02-17 09:20:00,al2004,13700.0,320.0,13695.0,251.0,13695.0,al2005,13720.0,170.0,13715.0,91.0,13715.0,-20.0,-20.0,-20.0,2020-02-17
2020-02-17 09:30:00,al2004,13685.0,228.0,13680.0,973.0,13680.0,al2005,13705.0,122.0,13700.0,444.0,13705.0,-20.0,-20.0,-25.0,2020-02-17
2020-02-17 09:40:00,al2004,13685.0,362.0,13680.0,807.0,13685.0,al2005,13705.0,395.0,13700.0,69.0,13700.0,-20.0,-20.0,-15.0,2020-02-17
2020-02-17 09:50:00,al2004,13685.0,59.0,13680.0,447.0,13680.0,al2005,13705.0,227.0,13700.0,129.0,13700.0,-20.0,-20.0,-20.0,2020-02-17
2020-02-17 10:00:00,al2004,13685.0,119.0,13680.0,190.0,13680.0,al2005,13705.0,229.0,13700.0,34.0,13700.0,-20.0,-20.0,-20.0,2020-02-17
2020-02-17 10:10:00,al2004,13680.0,42.0,13675.0,148.0,13680.0,al2005,13700.0,10.0,13695.0,42.0,13700.0,-20.0,-20.0,-20.0,2020-02-17
2020-02-17 10:30:00,al2004,13680.0,132.0,13675.0,129.0,13675.0,al2005,13695.0,65.0,13690.0,132.0,13690.0,-15.0,-15.0,-15.0,2020-02-17
2020-02-17 10:40:00,al2004,13680.0,275.0,13670.0,201.0,13680.0,al2005,13695.0,135.0,13690.0,57.0,13690.0,-20.0,-15.0,-10.0,2020-02-17
2020-02-17 10:50:00,al2004,13675.0,151.0,13670.0,115.0,13670.0,al2005,13695.0,154.0,13690.0,60.0,13690.0,-20.0,-20.0,-20.0,2020-02-17
2020-02-17 11:00:00,al2004,13670.0,124.0,13665.0,203.0,13670.0,al2005,13690.0,72.0,13685.0,122.0,13685.0,-20.0,-20.0,-15.0,2020-02-17
2020-02-17 11:10:00,al2004,13680.0,321.0,13675.0,209.0,13680.0,al2005,13700.0,89.0,13695.0,115.0,13700.0,-20.0,-20.0,-20.0,2020-02-17
2020-02-17 11:20:00,al2004,13680.0,281.0,13675.0,53.0,13675.0,al2005,13700.0,51.0,13695.0,4.0,13690.0,-20.0,-20.0,-15.0,2020-02-17
2020-02-17 11:30:00,al2004,13680.0,275.0,13675.0,58.0,13680.0,al2005,13700.0,51.0,13695.0,4.0,13690.0,-20.0,-20.0,-10.0,2020-02-17
2020-02-17 13:30:00,al2004,13680.0,385.0,13675.0,219.0,13675.0,al2005,13700.0,159.0,13695.0,42.0,13695.0,-20.0,-20.0,-20.0,2020-02-17
2020-02-17 13:40:00,al2004,13675.0,152.0,13670.0,232.0,13675.0,al2005,13700.0,278.0,13695.0,18.0,13700.0,-25.0,-25.0,-25.0,2020-02-17
2020-02-17 13:50:00,al2004,13675.0,268.0,13670.0,257.0,13670.0,al2005,13700.0,207.0,13695.0,119.0,13695.0,-25.0,-25.0,-25.0,2020-02-17
2020-02-17 14:00:00,al2004,13675.0,204.0,13670.0,174.0,13670.0,al2005,13695.0,119.0,13690.0,389.0,13695.0,-20.0,-20.0,-25.0,2020-02-17
2020-02-17 14:10:00,al2004,13675.0,200.0,13670.0,113.0,13670.0,al2005,13700.0,241.0,13690.0,421.0,13700.0,-20.0,-25.0,-30.0,2020-02-17
2020-02-17 14:20:00,al2004,13670.0,139.0,13665.0,87.0,13665.0,al2005,13695.0,157.0,13690.0,274.0,13690.0,-25.0,-25.0,-25.0,2020-02-17
2020-02-17 14:30:00,al2004,13680.0,843.0,13675.0,273.0,13675.0,al2005,13700.0,26.0,13695.0,101.0,13700.0,-20.0,-20.0,-25.0,2020-02-17
2020-02-17 14:40:00,al2004,13680.0,292.0,13675.0,288.0,13680.0,al2005,13700.0,52.0,13695.0,111.0,13695.0,-20.0,-20.0,-15.0,2020-02-17
2020-02-18 09:20:00,al2004,13700.0,245.0,13695.0,45.0,13695.0,al2005,13715.0,34.0,13710.0,92.0,13710.0,-15.0,-15.0,-15.0,2020-02-18
2020-02-18 09:30:00,al2004,13700.0,60.0,13695.0,158.0,13700.0,al2005,13720.0,361.0,13715.0,130.0,13720.0,-20.0,-20.0,-20.0,2020-02-18
2020-02-18 09:40:00,al2004,13700.0,57.0,13695.0,160.0,13700.0,al2005,13720.0,66.0,13715.0,33.0,13720.0,-20.0,-20.0,-20.0,2020-02-18
2020-02-18 09:50:00,al2004,13720.0,286.0,13715.0,103.0,13720.0,al2005,13735.0,67.0,13730.0,33.0,13735.0,-15.0,-15.0,-15.0,2020-02-18
2020-02-18 10:00:00,al2004,13725.0,134.0,13720.0,68.0,13725.0,al2005,13735.0,107.0,13730.0,148.0,13735.0,-10.0,-10.0,-10.0,2020-02-18
2020-02-18 10:10:00,al2004,13710.0,288.0,13705.0,89.0,13705.0,al2005,13720.0,7.0,13715.0,14.0,13720.0,-10.0,-10.0,-15.0,2020-02-18
2020-02-18 10:30:00,al2004,13715.0,294.0,13710.0,8.0,13710.0,al2005,13725.0,60.0,13720.0,175.0,13720.0,-10.0,-10.0,-10.0,2020-02-18
2020-02-18 10:40:00,al2004,13715.0,182.0,13710.0,87.0,13710.0,al2005,13730.0,121.0,13725.0,5.0,13725.0,-15.0,-15.0,-15.0,2020-02-18
2020-02-18 10:50:00,al2004,13735.0,168.0,13730.0,43.0,13735.0,al2005,13745.0,102.0,13740.0,157.0,13740.0,-10.0,-10.0,-5.0,2020-02-18
2020-02-18 11:00:00,al2004,13730.0,145.0,13725.0,152.0,13730.0,al2005,13740.0,2.0,13735.0,243.0,13740.0,-10.0,-10.0,-10.0,2020-02-18
2020-02-18 11:10:00,al2004,13725.0,91.0,13720.0,189.0,13720.0,al2005,13735.0,144.0,13730.0,106.0,13735.0,-10.0,-10.0,-15.0,2020-02-18
2020-02-18 11:20:00,al2004,13725.0,53.0,13720.0,87.0,13720.0,al2005,13730.0,15.0,13725.0,19.0,13725.0,-5.0,-5.0,-5.0,2020-02-18
2020-02-18 11:30:00,al2004,13725.0,55.0,13720.0,86.0,13720.0,al2005,13730.0,15.0,13725.0,19.0,13725.0,-5.0,-5.0,-5.0,2020-02-18
2020-02-18 13:30:00,al2004,13730.0,442.0,13725.0,19.0,13725.0,al2005,13735.0,80.0,13730.0,139.0,13730.0,-5.0,-5.0,-5.0,2020-02-18
2020-02-18 13:40:00,al2004,13730.0,182.0,13725.0,114.0,13725.0,al2005,13740.0,108.0,13735.0,66.0,13740.0,-10.0,-10.0,-15.0,2020-02-18
2020-02-18 13:50:00,al2004,13730.0,145.0,13725.0,140.0,13725.0,al2005,13740.0,111.0,13735.0,71.0,13735.0,-10.0,-10.0,-10.0,2020-02-18
2020-02-18 14:00:00,al2004,13730.0,186.0,13725.0,160.0,13730.0,al2005,13740.0,42.0,13735.0,126.0,13735.0,-10.0,-10.0,-5.0,2020-02-18
2020-02-18 14:10:00,al2004,13730.0,174.0,13725.0,198.0,13725.0,al2005,13745.0,259.0,13740.0,7.0,13740.0,-15.0,-15.0,-15.0,2020-02-18
2020-02-18 14:20:00,al2004,13730.0,109.0,13725.0,103.0,13730.0,al2005,13735.0,11.0,13730.0,198.0,13735.0,-5.0,-5.0,-5.0,2020-02-18
2020-02-18 14:30:00,al2004,13735.0,145.0,13730.0,93.0,13730.0,al2005,13745.0,150.0,13740.0,66.0,13740.0,-10.0,-10.0,-10.0,2020-02-18
2020-02-18 14:40:00,al2004,13730.0,350.0,13725.0,75.0,13730.0,al2005,13735.0,106.0,13730.0,300.0,13730.0,-5.0,-5.0,0.0,2020-02-18
2020-02-19 09:20:00,al2004,13725.0,70.0,13720.0,75.0,13725.0,al2005,13735.0,39.0,13730.0,61.0,13735.0,-10.0,-10.0,-10.0,2020-02-19
2020-02-19 09:30:00,al2004,13730.0,242.0,13725.0,35.0,13730.0,al2005,13735.0,38.0,13730.0,98.0,13735.0,-5.0,-5.0,-5.0,2020-02-19
2020-02-19 09:40:00,al2004,13725.0,14.0,13720.0,243.0,13725.0,al2005,13740.0,287.0,13735.0,36.0,13740.0,-15.0,-15.0,-15.0,2020-02-19
2020-02-19 09:50:00,al2004,13730.0,192.0,13725.0,52.0,13725.0,al2005,13740.0,124.0,13730.0,127.0,13735.0,-5.0,-10.0,-10.0,2020-02-19
2020-02-19 10:00:00,al2004,13720.0,184.0,13715.0,152.0,13720.0,al2005,13730.0,8.0,13725.0,87.0,13730.0,-10.0,-10.0,-10.0,2020-02-19
2020-02-19 10:10:00,al2004,13710.0,118.0,13705.0,20.0,13705.0,al2005,13725.0,81.0,13720.0,232.0,13725.0,-15.0,-15.0,-20.0,2020-02-19
2020-02-19 10:30:00,al2004,13690.0,168.0,13685.0,295.0,13690.0,al2005,13705.0,117.0,13700.0,377.0,13705.0,-15.0,-15.0,-15.0,2020-02-19
2020-02-19 10:40:00,al2004,13700.0,186.0,13695.0,207.0,13695.0,al2005,13715.0,62.0,13710.0,63.0,13715.0,-15.0,-15.0,-20.0,2020-02-19
2020-02-19 10:50:00,al2004,13690.0,198.0,13685.0,195.0,13685.0,al2005,13700.0,133.0,13695.0,152.0,13695.0,-10.0,-10.0,-10.0,2020-02-19
2020-02-19 11:00:00,al2004,13690.0,77.0,13685.0,78.0,13690.0,al2005,13705.0,132.0,13700.0,74.0,13700.0,-15.0,-15.0,-10.0,2020-02-19
2020-02-19 11:10:00,al2004,13690.0,250.0,13685.0,236.0,13685.0,al2005,13705.0,89.0,13700.0,168.0,13700.0,-15.0,-15.0,-15.0,2020-02-19
2020-02-19 11:20:00,al2004,13685.0,123.0,13680.0,402.0,13680.0,al2005,13700.0,47.0,13695.0,40.0,13695.0,-15.0,-15.0,-15.0,2020-02-19
2020-02-19 11:30:00,al2004,13685.0,123.0,13680.0,402.0,13680.0,al2005,13700.0,47.0,13695.0,40.0,13695.0,-15.0,-15.0,-15.0,2020-02-19
2020-02-19 13:30:00,al2004,13705.0,172.0,13700.0,193.0,13700.0,al2005,13715.0,30.0,13710.0,172.0,13710.0,-10.0,-10.0,-10.0,2020-02-19
2020-02-19 13:40:00,al2004,13710.0,253.0,13705.0,53.0,13705.0,al2005,13720.0,118.0,13715.0,105.0,13715.0,-10.0,-10.0,-10.0,2020-02-19
2020-02-19 13:50:00,al2004,13710.0,283.0,13705.0,114.0,13710.0,al2005,13720.0,40.0,13715.0,83.0,13720.0,-10.0,-10.0,-10.0,2020-02-19
2020-02-19 14:00:00,al2004,13710.0,229.0,13705.0,142.0,13710.0,al2005,13720.0,115.0,13715.0,100.0,13720.0,-10.0,-10.0,-10.0,2020-02-19
2020-02-19 14:10:00,al2004,13710.0,300.0,13705.0,274.0,13705.0,al2005,13720.0,188.0,13715.0,163.0,13715.0,-10.0,-10.0,-10.0,2020-02-19
2020-02-19 14:20:00,al2004,13710.0,175.0,13705.0,149.0,13710.0,al2005,13720.0,2.0,13715.0,126.0,13720.0,-10.0,-10.0,-10.0,2020-02-19
2020-02-19 14:30:00,al2004,13705.0,33.0,13700.0,297.0,13705.0,al2005,13720.0,122.0,13715.0,124.0,13715.0,-15.0,-15.0,-10.0,2020-02-19
2020-02-19 14:40:00,al2004,13705.0,140.0,13700.0,328.0,13705.0,al2005,13715.0,12.0,13710.0,121.0,13715.0,-10.0,-10.0,-10.0,2020-02-19
2020-02-20 09:20:00,al2004,13695.0,25.0,13690.0,225.0,13695.0,al2005,13710.0,108.0,13705.0,135.0,13715.0,-15.0,-15.0,-20.0,2020-02-20
2020-02-20 09:30:00,al2004,13695.0,80.0,13690.0,74.0,13695.0,al2005,13710.0,105.0,13705.0,78.0,13710.0,-15.0,-15.0,-15.0,2020-02-20
2020-02-20 09:40:00,al2004,13690.0,279.0,13685.0,218.0,13685.0,al2005,13705.0,123.0,13700.0,135.0,13700.0,-15.0,-15.0,-15.0,2020-02-20
2020-02-20 09:50:00,al2004,13685.0,124.0,13680.0,198.0,13680.0,al2005,13700.0,191.0,13695.0,85.0,13695.0,-15.0,-15.0,-15.0,2020-02-20
2020-02-20 10:00:00,al2004,13690.0,112.0,13685.0,107.0,13690.0,al2005,13700.0,4.0,13695.0,116.0,13700.0,-10.0,-10.0,-10.0,2020-02-20
2020-02-20 10:10:00,al2004,13680.0,100.0,13675.0,230.0,13680.0,al2005,13700.0,58.0,13695.0,1.0,13695.0,-20.0,-20.0,-15.0,2020-02-20
2020-02-20 10:30:00,al2004,13670.0,470.0,13665.0,47.0,13665.0,al2005,13690.0,253.0,13685.0,7.0,13685.0,-20.0,-20.0,-20.0,2020-02-20
2020-02-20 10:40:00,al2004,13670.0,314.0,13665.0,115.0,13665.0,al2005,13690.0,209.0,13685.0,29.0,13685.0,-20.0,-20.0,-20.0,2020-02-20
2020-02-20 10:50:00,al2004,13670.0,88.0,13665.0,291.0,13665.0,al2005,13690.0,385.0,13685.0,104.0,13690.0,-20.0,-20.0,-25.0,2020-02-20
2020-02-20 11:00:00,al2004,13675.0,153.0,13670.0,134.0,13675.0,al2005,13695.0,104.0,13690.0,58.0,13690.0,-20.0,-20.0,-15.0,2020-02-20
2020-02-20 11:10:00,al2004,13680.0,420.0,13675.0,680.0,13680.0,al2005,13695.0,41.0,13690.0,124.0,13695.0,-15.0,-15.0,-15.0,2020-02-20
2020-02-20 11:20:00,al2004,13680.0,197.0,13675.0,520.0,13680.0,al2005,13700.0,68.0,13690.0,59.0,13695.0,-15.0,-20.0,-15.0,2020-02-20
2020-02-20 11:30:00,al2004,13680.0,197.0,13675.0,520.0,13680.0,al2005,13700.0,68.0,13690.0,59.0,13695.0,-15.0,-20.0,-15.0,2020-02-20
2020-02-20 13:30:00,al2004,13675.0,282.0,13670.0,299.0,13670.0,al2005,13695.0,302.0,13690.0,65.0,13690.0,-20.0,-20.0,-20.0,2020-02-20
2020-02-20 13:40:00,al2004,13670.0,134.0,13665.0,340.0,13670.0,al2005,13690.0,97.0,13685.0,375.0,13690.0,-20.0,-20.0,-20.0,2020-02-20
2020-02-20 13:50:00,al2004,13670.0,152.0,13665.0,285.0,13665.0,al2005,13690.0,117.0,13685.0,305.0,13690.0,-20.0,-20.0,-25.0,2020-02-20
2020-02-20 14:00:00,al2004,13670.0,226.0,13665.0,340.0,13665.0,al2005,13690.0,29.0,13685.0,286.0,13690.0,-20.0,-20.0,-25.0,2020-02-20
2020-02-20 14:10:00,al2004,13670.0,147.0,13665.0,351.0,13670.0,al2005,13695.0,152.0,13690.0,54.0,13690.0,-25.0,-25.0,-20.0,2020-02-20
2020-02-20 14:20:00,al2004,13670.0,390.0,13665.0,105.0,13665.0,al2005,13690.0,58.0,13685.0,345.0,13690.0,-20.0,-20.0,-25.0,2020-02-20
2020-02-20 14:30:00,al2004,13665.0,166.0,13660.0,578.0,13665.0,al2005,13690.0,112.0,13685.0,283.0,13690.0,-25.0,-25.0,-25.0,2020-02-20
2020-02-20 14:40:00,al2004,13665.0,111.0,13660.0,321.0,13660.0,al2005,13690.0,110.0,13685.0,247.0,13690.0,-25.0,-25.0,-30.0,2020-02-20
2020-02-21 09:20:00,al2004,13615.0,196.0,13610.0,306.0,13615.0,al2005,13645.0,157.0,13640.0,155.0,13640.0,-30.0,-30.0,-25.0,2020-02-21
2020-02-21 09:30:00,al2004,13620.0,297.0,13615.0,217.0,13615.0,al2005,13645.0,56.0,13640.0,191.0,13645.0,-25.0,-25.0,-30.0,2020-02-21
2020-02-21 09:40:00,al2004,13620.0,208.0,13615.0,247.0,13615.0,al2005,13650.0,219.0,13645.0,57.0,13645.0,-30.0,-30.0,-30.0,2020-02-21
2020-02-21 09:50:00,al2004,13620.0,112.0,13615.0,317.0,13620.0,al2005,13650.0,96.0,13645.0,205.0,13650.0,-30.0,-30.0,-30.0,2020-02-21
2020-02-21 10:00:00,al2004,13620.0,221.0,13615.0,33.0,13615.0,al2005,13645.0,115.0,13640.0,257.0,13645.0,-25.0,-25.0,-30.0,2020-02-21
2020-02-21 10:10:00,al2004,13615.0,224.0,13610.0,617.0,13610.0,al2005,13645.0,64.0,13640.0,182.0,13645.0,-30.0,-30.0,-35.0,2020-02-21
2020-02-21 10:30:00,al2004,13610.0,225.0,13605.0,418.0,13610.0,al2005,13640.0,90.0,13635.0,168.0,13635.0,-30.0,-30.0,-25.0,2020-02-21
2020-02-21 10:40:00,al2004,13625.0,226.0,13620.0,821.0,13625.0,al2005,13655.0,68.0,13650.0,31.0,13650.0,-30.0,-30.0,-25.0,2020-02-21
2020-02-21 10:50:00,al2004,13625.0,358.0,13620.0,431.0,13620.0,al2005,13650.0,446.0,13645.0,126.0,13645.0,-25.0,-25.0,-25.0,2020-02-21
2020-02-21 11:00:00,al2004,13620.0,216.0,13615.0,226.0,13615.0,al2005,13650.0,441.0,13640.0,258.0,13645.0,-25.0,-30.0,-30.0,2020-02-21
2020-02-21 11:10:00,al2004,13620.0,168.0,13615.0,261.0,13615.0,al2005,13650.0,448.0,13645.0,6.0,13645.0,-30.0,-30.0,-30.0,2020-02-21
2020-02-21 11:20:00,al2004,13610.0,224.0,13605.0,58.0,13605.0,al2005,13640.0,88.0,13635.0,137.0,13640.0,-30.0,-30.0,-35.0,2020-02-21
2020-02-21 11:30:00,al2004,13610.0,216.0,13605.0,58.0,13605.0,al2005,13640.0,88.0,13635.0,137.0,13640.0,-30.0,-30.0,-35.0,2020-02-21
2020-02-21 13:30:00,al2004,13600.0,331.0,13595.0,44.0,13595.0,al2005,13625.0,7.0,13620.0,248.0,13625.0,-25.0,-25.0,-30.0,2020-02-21
2020-02-21 13:40:00,al2004,13590.0,189.0,13585.0,155.0,13590.0,al2005,13620.0,52.0,13615.0,127.0,13620.0,-30.0,-30.0,-30.0,2020-02-21
2020-02-21 13:50:00,al2004,13590.0,223.0,13585.0,176.0,13590.0,al2005,13620.0,22.0,13615.0,163.0,13615.0,-30.0,-30.0,-25.0,2020-02-21
2020-02-21 14:00:00,al2004,13590.0,130.0,13585.0,400.0,13585.0,al2005,13620.0,119.0,13615.0,102.0,13620.0,-30.0,-30.0,-35.0,2020-02-21
2020-02-21 14:10:00,al2004,13590.0,337.0,13585.0,139.0,13585.0,al2005,13620.0,114.0,13615.0,169.0,13620.0,-30.0,-30.0,-35.0,2020-02-21
2020-02-21 14:20:00,al2004,13585.0,178.0,13580.0,125.0,13580.0,al2005,13615.0,114.0,13610.0,309.0,13615.0,-30.0,-30.0,-35.0,2020-02-21
2020-02-21 14:30:00,al2004,13585.0,264.0,13580.0,223.0,13580.0,al2005,13610.0,280.0,13605.0,182.0,13605.0,-25.0,-25.0,-25.0,2020-02-21
2020-02-21 14:40:00,al2004,13585.0,163.0,13580.0,383.0,13585.0,al2005,13615.0,97.0,13610.0,128.0,13610.0,-30.0,-30.0,-25.0,2020-02-21
2020-02-24 09:20:00,al2004,13515.0,42.0,13510.0,119.0,13515.0,al2005,13560.0,117.0,13555.0,71.0,13560.0,-45.0,-45.0,-45.0,2020-02-24
2020-02-24 09:30:00,al2004,13500.0,16.0,13495.0,118.0,13500.0,al2005,13545.0,103.0,13540.0,101.0,13540.0,-45.0,-45.0,-40.0,2020-02-24
2020-02-24 09:40:00,al2004,13490.0,149.0,13485.0,77.0,13485.0,al2005,13535.0,108.0,13530.0,56.0,13530.0,-45.0,-45.0,-45.0,2020-02-24
2020-02-24 09:50:00,al2004,13480.0,110.0,13475.0,311.0,13475.0,al2005,13525.0,109.0,13520.0,127.0,13520.0,-45.0,-45.0,-45.0,2020-02-24
2020-02-24 10:00:00,al2004,13485.0,168.0,13480.0,132.0,13485.0,al2005,13530.0,139.0,13525.0,49.0,13530.0,-45.0,-45.0,-45.0,2020-02-24
2020-02-24 10:10:00,al2004,13485.0,29.0,13480.0,259.0,13485.0,al2005,13530.0,8.0,13525.0,52.0,13530.0,-45.0,-45.0,-45.0,2020-02-24
2020-02-24 10:30:00,al2004,13500.0,87.0,13495.0,195.0,13495.0,al2005,13545.0,191.0,13540.0,170.0,13540.0,-45.0,-45.0,-45.0,2020-02-24
2020-02-24 10:40:00,al2004,13515.0,232.0,13510.0,82.0,13510.0,al2005,13550.0,126.0,13545.0,377.0,13550.0,-35.0,-35.0,-40.0,2020-02-24
2020-02-24 10:50:00,al2004,13500.0,293.0,13495.0,64.0,13500.0,al2005,13540.0,99.0,13535.0,216.0,13535.0,-40.0,-40.0,-35.0,2020-02-24
2020-02-24 11:00:00,al2004,13495.0,116.0,13490.0,181.0,13490.0,al2005,13535.0,71.0,13530.0,309.0,13530.0,-40.0,-40.0,-40.0,2020-02-24
2020-02-24 11:10:00,al2004,13500.0,312.0,13495.0,121.0,13495.0,al2005,13545.0,192.0,13535.0,163.0,13540.0,-40.0,-45.0,-45.0,2020-02-24
2020-02-24 11:20:00,al2004,13495.0,48.0,13490.0,97.0,13490.0,al2005,13535.0,2.0,13530.0,55.0,13530.0,-40.0,-40.0,-40.0,2020-02-24
2020-02-24 11:30:00,al2004,13495.0,83.0,13490.0,91.0,13490.0,al2005,13535.0,2.0,13530.0,55.0,13530.0,-40.0,-40.0,-40.0,2020-02-24
2020-02-24 13:30:00,al2004,13525.0,104.0,13520.0,165.0,13525.0,al2005,13565.0,74.0,13560.0,132.0,13565.0,-40.0,-40.0,-40.0,2020-02-24
2020-02-24 13:40:00,al2004,13520.0,124.0,13515.0,242.0,13520.0,al2005,13560.0,346.0,13555.0,211.0,13560.0,-40.0,-40.0,-40.0,2020-02-24
2020-02-24 13:50:00,al2004,13525.0,333.0,13520.0,143.0,13520.0,al2005,13560.0,169.0,13555.0,322.0,13555.0,-35.0,-35.0,-35.0,2020-02-24
2020-02-24 14:00:00,al2004,13525.0,106.0,13520.0,321.0,13525.0,al2005,13565.0,357.0,13560.0,134.0,13560.0,-40.0,-40.0,-35.0,2020-02-24
2020-02-24 14:10:00,al2004,13525.0,288.0,13520.0,239.0,13525.0,al2005,13560.0,106.0,13555.0,171.0,13560.0,-35.0,-35.0,-35.0,2020-02-24
2020-02-24 14:20:00,al2004,13520.0,169.0,13515.0,229.0,13520.0,al2005,13560.0,333.0,13555.0,53.0,13550.0,-40.0,-40.0,-30.0,2020-02-24
2020-02-24 14:30:00,al2004,13525.0,272.0,13520.0,72.0,13525.0,al2005,13560.0,320.0,13555.0,148.0,13560.0,-35.0,-35.0,-35.0,2020-02-24
2020-02-24 14:40:00,al2004,13525.0,294.0,13520.0,250.0,13525.0,al2005,13560.0,149.0,13555.0,264.0,13555.0,-35.0,-35.0,-30.0,2020-02-24
2020-02-25 09:20:00,al2004,13485.0,113.0,13480.0,243.0,13485.0,al2005,13520.0,23.0,13515.0,189.0,13515.0,-35.0,-35.0,-30.0,2020-02-25
2020-02-25 09:30:00,al2004,13490.0,145.0,13485.0,146.0,13485.0,al2005,13525.0,147.0,13520.0,187.0,13520.0,-35.0,-35.0,-35.0,2020-02-25
2020-02-25 09:40:00,al2004,13490.0,341.0,13485.0,43.0,13485.0,al2005,13525.0,124.0,13520.0,354.0,13520.0,-35.0,-35.0,-35.0,2020-02-25
2020-02-25 09:50:00,al2004,13490.0,378.0,13485.0,74.0,13485.0,al2005,13525.0,8.0,13520.0,309.0,13530.0,-35.0,-35.0,-45.0,2020-02-25
2020-02-25 10:00:00,al2004,13490.0,137.0,13485.0,356.0,13485.0,al2005,13530.0,183.0,13525.0,108.0,13530.0,-40.0,-40.0,-45.0,2020-02-25
2020-02-25 10:10:00,al2004,13490.0,4.0,13485.0,110.0,13490.0,al2005,13525.0,25.0,13520.0,206.0,13525.0,-35.0,-35.0,-35.0,2020-02-25
2020-02-25 10:30:00,al2004,13505.0,54.0,13500.0,267.0,13505.0,al2005,13545.0,147.0,13540.0,267.0,13540.0,-40.0,-40.0,-35.0,2020-02-25
2020-02-25 10:40:00,al2004,13505.0,93.0,13500.0,222.0,13505.0,al2005,13545.0,136.0,13540.0,100.0,13540.0,-40.0,-40.0,-35.0,2020-02-25
2020-02-25 10:50:00,al2004,13500.0,170.0,13495.0,104.0,13495.0,al2005,13535.0,91.0,13530.0,126.0,13535.0,-35.0,-35.0,-40.0,2020-02-25
2020-02-25 11:00:00,al2004,13500.0,8.0,13495.0,341.0,13500.0,al2005,13535.0,100.0,13530.0,289.0,13535.0,-35.0,-35.0,-35.0,2020-02-25
2020-02-25 11:10:00,al2004,13515.0,203.0,13510.0,231.0,13510.0,al2005,13545.0,93.0,13540.0,93.0,13545.0,-30.0,-30.0,-35.0,2020-02-25
2020-02-25 11:20:00,al2004,13520.0,91.0,13515.0,106.0,13520.0,al2005,13555.0,98.0,13550.0,40.0,13550.0,-35.0,-35.0,-30.0,2020-02-25
2020-02-25 11:30:00,al2004,13520.0,91.0,13515.0,92.0,13515.0,al2005,13555.0,98.0,13550.0,40.0,13550.0,-35.0,-35.0,-35.0,2020-02-25
2020-02-25 13:30:00,al2004,13525.0,275.0,13520.0,168.0,13525.0,al2005,13560.0,150.0,13555.0,89.0,13560.0,-35.0,-35.0,-35.0,2020-02-25
2020-02-25 13:40:00,al2004,13540.0,268.0,13535.0,547.0,13540.0,al2005,13570.0,241.0,13565.0,327.0,13565.0,-30.0,-30.0,-25.0,2020-02-25
2020-02-25 13:50:00,al2004,13550.0,131.0,13545.0,309.0,13545.0,al2005,13585.0,77.0,13580.0,258.0,13585.0,-35.0,-35.0,-40.0,2020-02-25
2020-02-25 14:00:00,al2004,13550.0,227.0,13545.0,307.0,13545.0,al2005,13585.0,153.0,13580.0,140.0,13580.0,-35.0,-35.0,-35.0,2020-02-25
2020-02-25 14:10:00,al2004,13530.0,151.0,13525.0,305.0,13530.0,al2005,13570.0,236.0,13565.0,252.0,13570.0,-40.0,-40.0,-40.0,2020-02-25
2020-02-25 14:20:00,al2004,13535.0,129.0,13530.0,160.0,13535.0,al2005,13575.0,176.0,13570.0,100.0,13575.0,-40.0,-40.0,-40.0,2020-02-25
2020-02-25 14:30:00,al2004,13535.0,203.0,13530.0,211.0,13535.0,al2005,13575.0,155.0,13570.0,91.0,13570.0,-40.0,-40.0,-35.0,2020-02-25
2020-02-25 14:40:00,al2004,13535.0,267.0,13530.0,263.0,13530.0,al2005,13570.0,59.0,13565.0,266.0,13570.0,-35.0,-35.0,-40.0,2020-02-25
2020-02-26 09:20:00,al2004,13515.0,141.0,13510.0,156.0,13510.0,al2005,13555.0,115.0,13545.0,177.0,13550.0,-35.0,-40.0,-40.0,2020-02-26
2020-02-26 09:30:00,al2004,13515.0,106.0,13510.0,176.0,13515.0,al2005,13550.0,56.0,13545.0,100.0,13550.0,-35.0,-35.0,-35.0,2020-02-26
2020-02-26 09:40:00,al2004,13515.0,138.0,13510.0,155.0,13515.0,al2005,13555.0,243.0,13550.0,2.0,13550.0,-40.0,-40.0,-35.0,2020-02-26
2020-02-26 09:50:00,al2004,13520.0,360.0,13515.0,55.0,13515.0,al2005,13555.0,204.0,13550.0,15.0,13550.0,-35.0,-35.0,-35.0,2020-02-26
2020-02-26 10:00:00,al2004,13520.0,406.0,13515.0,157.0,13515.0,al2005,13550.0,12.0,13545.0,151.0,13550.0,-30.0,-30.0,-35.0,2020-02-26
2020-02-26 10:10:00,al2004,13525.0,135.0,13520.0,155.0,13525.0,al2005,13555.0,113.0,13550.0,84.0,13550.0,-30.0,-30.0,-25.0,2020-02-26
2020-02-26 10:30:00,al2004,13530.0,284.0,13525.0,62.0,13525.0,al2005,13565.0,104.0,13560.0,132.0,13565.0,-35.0,-35.0,-40.0,2020-02-26
2020-02-26 10:40:00,al2004,13525.0,49.0,13520.0,208.0,13525.0,al2005,13560.0,50.0,13555.0,152.0,13555.0,-35.0,-35.0,-30.0,2020-02-26
2020-02-26 10:50:00,al2004,13520.0,192.0,13515.0,277.0,13515.0,al2005,13555.0,109.0,13550.0,102.0,13550.0,-35.0,-35.0,-35.0,2020-02-26
2020-02-26 11:00:00,al2004,13525.0,230.0,13520.0,129.0,13520.0,al2005,13560.0,101.0,13555.0,142.0,13555.0,-35.0,-35.0,-35.0,2020-02-26
2020-02-26 11:10:00,al2004,13525.0,294.0,13520.0,229.0,13525.0,al2005,13565.0,171.0,13560.0,82.0,13560.0,-40.0,-40.0,-35.0,2020-02-26
2020-02-26 11:20:00,al2004,13525.0,220.0,13520.0,31.0,13520.0,al2005,13560.0,5.0,13555.0,66.0,13560.0,-35.0,-35.0,-40.0,2020-02-26
2020-02-26 11:30:00,al2004,13525.0,220.0,13520.0,23.0,13520.0,al2005,13560.0,5.0,13555.0,66.0,13560.0,-35.0,-35.0,-40.0,2020-02-26
2020-02-26 13:30:00,al2004,13510.0,100.0,13505.0,247.0,13510.0,al2005,13550.0,200.0,13545.0,52.0,13545.0,-40.0,-40.0,-35.0,2020-02-26
2020-02-26 13:40:00,al2004,13500.0,290.0,13495.0,221.0,13500.0,al2005,13540.0,149.0,13535.0,50.0,13535.0,-40.0,-40.0,-35.0,2020-02-26
2020-02-26 13:50:00,al2004,13500.0,208.0,13495.0,381.0,13495.0,al2005,13540.0,187.0,13535.0,37.0,13535.0,-40.0,-40.0,-40.0,2020-02-26
2020-02-26 14:00:00,al2004,13505.0,242.0,13500.0,217.0,13500.0,al2005,13545.0,130.0,13540.0,147.0,13540.0,-40.0,-40.0,-40.0,2020-02-26
2020-02-26 14:10:00,al2004,13505.0,204.0,13500.0,118.0,13505.0,al2005,13540.0,11.0,13535.0,144.0,13540.0,-35.0,-35.0,-35.0,2020-02-26
2020-02-26 14:20:00,al2004,13505.0,273.0,13500.0,183.0,13505.0,al2005,13545.0,90.0,13540.0,98.0,13545.0,-40.0,-40.0,-40.0,2020-02-26
2020-02-26 14:30:00,al2004,13500.0,127.0,13495.0,202.0,13495.0,al2005,13540.0,106.0,13535.0,158.0,13535.0,-40.0,-40.0,-40.0,2020-02-26
2020-02-26 14:40:00,al2004,13495.0,96.0,13490.0,225.0,13495.0,al2005,13535.0,53.0,13530.0,210.0,13530.0,-40.0,-40.0,-35.0,2020-02-26
2020-02-27 09:20:00,al2004,13490.0,158.0,13485.0,201.0,13485.0,al2005,13530.0,60.0,13525.0,63.0,13530.0,-40.0,-40.0,-45.0,2020-02-27
2020-02-27 09:30:00,al2004,13490.0,229.0,13485.0,838.0,13490.0,al2005,13530.0,84.0,13525.0,64.0,13530.0,-40.0,-40.0,-40.0,2020-02-27
2020-02-27 09:40:00,al2004,13490.0,276.0,13485.0,466.0,13490.0,al2005,13525.0,78.0,13520.0,131.0,13520.0,-35.0,-35.0,-30.0,2020-02-27
2020-02-27 09:50:00,al2004,13485.0,99.0,13480.0,369.0,13480.0,al2005,13525.0,150.0,13520.0,129.0,13520.0,-40.0,-40.0,-40.0,2020-02-27
2020-02-27 10:00:00,al2004,13480.0,221.0,13475.0,516.0,13475.0,al2005,13520.0,200.0,13515.0,31.0,13515.0,-40.0,-40.0,-40.0,2020-02-27
2020-02-27 10:10:00,al2004,13475.0,102.0,13470.0,717.0,13475.0,al2005,13510.0,17.0,13505.0,253.0,13510.0,-35.0,-35.0,-35.0,2020-02-27
2020-02-27 10:30:00,al2004,13465.0,283.0,13460.0,201.0,13465.0,al2005,13505.0,181.0,13500.0,155.0,13505.0,-40.0,-40.0,-40.0,2020-02-27
2020-02-27 10:40:00,al2004,13460.0,210.0,13455.0,625.0,13460.0,al2005,13500.0,26.0,13495.0,231.0,13495.0,-40.0,-40.0,-35.0,2020-02-27
2020-02-27 10:50:00,al2004,13445.0,188.0,13440.0,127.0,13445.0,al2005,13490.0,7.0,13485.0,94.0,13485.0,-45.0,-45.0,-40.0,2020-02-27
2020-02-27 11:00:00,al2004,13435.0,318.0,13430.0,441.0,13435.0,al2005,13480.0,124.0,13475.0,268.0,13480.0,-45.0,-45.0,-45.0,2020-02-27
2020-02-27 11:10:00,al2004,13440.0,91.0,13435.0,483.0,13440.0,al2005,13485.0,107.0,13480.0,136.0,13480.0,-45.0,-45.0,-40.0,2020-02-27
2020-02-27 11:20:00,al2004,13440.0,68.0,13435.0,244.0,13440.0,al2005,13485.0,69.0,13480.0,14.0,13480.0,-45.0,-45.0,-40.0,2020-02-27
2020-02-27 11:30:00,al2004,13440.0,68.0,13435.0,244.0,13440.0,al2005,13485.0,69.0,13480.0,13.0,13480.0,-45.0,-45.0,-40.0,2020-02-27
2020-02-27 13:30:00,al2004,13445.0,137.0,13440.0,96.0,13445.0,al2005,13490.0,156.0,13485.0,76.0,13485.0,-45.0,-45.0,-40.0,2020-02-27
2020-02-27 13:40:00,al2004,13425.0,106.0,13420.0,132.0,13425.0,al2005,13470.0,88.0,13465.0,120.0,13470.0,-45.0,-45.0,-45.0,2020-02-27
2020-02-27 13:50:00,al2004,13415.0,151.0,13410.0,31.0,13410.0,al2005,13460.0,148.0,13455.0,119.0,13460.0,-45.0,-45.0,-50.0,2020-02-27
2020-02-27 14:00:00,al2004,13420.0,117.0,13415.0,213.0,13420.0,al2005,13460.0,36.0,13455.0,129.0,13460.0,-40.0,-40.0,-40.0,2020-02-27
2020-02-27 14:10:00,al2004,13415.0,42.0,13410.0,227.0,13415.0,al2005,13460.0,52.0,13455.0,102.0,13455.0,-45.0,-45.0,-40.0,2020-02-27
2020-02-27 14:20:00,al2004,13430.0,156.0,13425.0,133.0,13430.0,al2005,13475.0,123.0,13470.0,57.0,13470.0,-45.0,-45.0,-40.0,2020-02-27
2020-02-27 14:30:00,al2004,13425.0,160.0,13420.0,125.0,13420.0,al2005,13465.0,5.0,13460.0,204.0,13460.0,-40.0,-40.0,-40.0,2020-02-27
2020-02-27 14:40:00,al2004,13425.0,143.0,13420.0,129.0,13420.0,al2005,13470.0,158.0,13465.0,208.0,13465.0,-45.0,-45.0,-45.0,2020-02-27
2020-02-28 09:20:00,al2004,13300.0,114.0,13295.0,8.0,13295.0,al2005,13350.0,271.0,13345.0,50.0,13350.0,-50.0,-50.0,-55.0,2020-02-28
2020-02-28 09:30:00,al2004,13300.0,268.0,13295.0,34.0,13300.0,al2005,13350.0,255.0,13345.0,12.0,13345.0,-50.0,-50.0,-45.0,2020-02-28
2020-02-28 09:40:00,al2004,13300.0,168.0,13295.0,315.0,13295.0,al2005,13350.0,296.0,13345.0,82.0,13350.0,-50.0,-50.0,-55.0,2020-02-28
2020-02-28 09:50:00,al2004,13305.0,311.0,13300.0,940.0,13300.0,al2005,13355.0,227.0,13350.0,80.0,13350.0,-50.0,-50.0,-50.0,2020-02-28
2020-02-28 10:00:00,al2004,13295.0,188.0,13290.0,28.0,13290.0,al2005,13345.0,119.0,13340.0,106.0,13345.0,-50.0,-50.0,-55.0,2020-02-28
2020-02-28 10:10:00,al2004,13280.0,76.0,13275.0,54.0,13280.0,al2005,13330.0,5.0,13325.0,34.0,13330.0,-50.0,-50.0,-50.0,2020-02-28
2020-02-28 10:30:00,al2004,13240.0,160.0,13235.0,134.0,13240.0,al2005,13290.0,146.0,13285.0,75.0,13285.0,-50.0,-50.0,-45.0,2020-02-28
2020-02-28 10:40:00,al2004,13230.0,104.0,13225.0,30.0,13230.0,al2005,13280.0,139.0,13275.0,96.0,13275.0,-50.0,-50.0,-45.0,2020-02-28
2020-02-28 10:50:00,al2004,13235.0,173.0,13230.0,211.0,13230.0,al2005,13280.0,47.0,13275.0,124.0,13275.0,-45.0,-45.0,-45.0,2020-02-28
2020-02-28 11:00:00,al2004,13230.0,51.0,13225.0,116.0,13230.0,al2005,13280.0,100.0,13275.0,57.0,13275.0,-50.0,-50.0,-45.0,2020-02-28
2020-02-28 11:10:00,al2004,13250.0,111.0,13245.0,88.0,13245.0,al2005,13300.0,102.0,13295.0,147.0,13300.0,-50.0,-50.0,-55.0,2020-02-28
2020-02-28 11:20:00,al2004,13235.0,75.0,13230.0,28.0,13230.0,al2005,13290.0,22.0,13285.0,10.0,13290.0,-55.0,-55.0,-60.0,2020-02-28
2020-02-28 11:30:00,al2004,13235.0,75.0,13230.0,28.0,13230.0,al2005,13290.0,22.0,13285.0,10.0,13290.0,-55.0,-55.0,-60.0,2020-02-28
2020-02-28 13:30:00,al2004,13230.0,36.0,13225.0,112.0,13230.0,al2005,13285.0,152.0,13280.0,113.0,13280.0,-55.0,-55.0,-50.0,2020-02-28
2020-02-28 13:40:00,al2004,13220.0,102.0,13215.0,125.0,13215.0,al2005,13275.0,96.0,13270.0,103.0,13270.0,-55.0,-55.0,-55.0,2020-02-28
2020-02-28 13:50:00,al2004,13190.0,94.0,13185.0,96.0,13190.0,al2005,13250.0,122.0,13245.0,92.0,13245.0,-60.0,-60.0,-55.0,2020-02-28
2020-02-28 14:00:00,al2004,13190.0,78.0,13185.0,86.0,13185.0,al2005,13250.0,280.0,13240.0,109.0,13245.0,-55.0,-60.0,-60.0,2020-02-28
2020-02-28 14:10:00,al2004,13195.0,31.0,13190.0,161.0,13195.0,al2005,13255.0,184.0,13250.0,50.0,13250.0,-60.0,-60.0,-55.0,2020-02-28
2020-02-28 14:20:00,al2004,13165.0,453.0,13160.0,110.0,13165.0,al2005,13220.0,23.0,13215.0,123.0,13220.0,-55.0,-55.0,-55.0,2020-02-28
2020-02-28 14:30:00,al2004,13135.0,103.0,13130.0,89.0,13135.0,al2005,13190.0,35.0,13185.0,68.0,13190.0,-55.0,-55.0,-55.0,2020-02-28
2020-02-28 14:40:00,al2004,13115.0,153.0,13110.0,137.0,13115.0,al2005,13175.0,127.0,13170.0,250.0,13170.0,-60.0,-60.0,-55.0,2020-02-28
2020-03-02 09:20:00,al2004,13195.0,27.0,13190.0,169.0,13195.0,al2005,13255.0,47.0,13250.0,256.0,13255.0,-60.0,-60.0,-60.0,2020-03-02
2020-03-02 09:30:00,al2004,13220.0,111.0,13215.0,72.0,13215.0,al2005,13275.0,48.0,13270.0,129.0,13270.0,-55.0,-55.0,-55.0,2020-03-02
2020-03-02 09:40:00,al2004,13215.0,174.0,13210.0,44.0,13215.0,al2005,13275.0,78.0,13270.0,94.0,13275.0,-60.0,-60.0,-60.0,2020-03-02
2020-03-02 09:50:00,al2004,13185.0,118.0,13180.0,89.0,13180.0,al2005,13245.0,54.0,13240.0,135.0,13245.0,-60.0,-60.0,-65.0,2020-03-02
2020-03-02 10:00:00,al2004,13185.0,195.0,13180.0,54.0,13180.0,al2005,13245.0,217.0,13240.0,156.0,13240.0,-60.0,-60.0,-60.0,2020-03-02
2020-03-02 10:10:00,al2004,13170.0,37.0,13165.0,27.0,13170.0,al2005,13230.0,1.0,13225.0,14.0,13230.0,-60.0,-60.0,-60.0,2020-03-02
2020-03-02 10:30:00,al2004,13200.0,161.0,13195.0,40.0,13195.0,al2005,13255.0,38.0,13250.0,131.0,13255.0,-55.0,-55.0,-60.0,2020-03-02
2020-03-02 10:40:00,al2004,13200.0,536.0,13195.0,94.0,13200.0,al2005,13265.0,151.0,13260.0,27.0,13265.0,-65.0,-65.0,-65.0,2020-03-02
2020-03-02 10:50:00,al2004,13220.0,363.0,13215.0,44.0,13220.0,al2005,13285.0,194.0,13280.0,404.0,13280.0,-65.0,-65.0,-60.0,2020-03-02
2020-03-02 11:00:00,al2004,13220.0,278.0,13215.0,111.0,13220.0,al2005,13285.0,107.0,13280.0,248.0,13285.0,-65.0,-65.0,-65.0,2020-03-02
2020-03-02 11:10:00,al2004,13215.0,188.0,13210.0,151.0,13215.0,al2005,13280.0,215.0,13275.0,102.0,13280.0,-65.0,-65.0,-65.0,2020-03-02
2020-03-02 11:20:00,al2004,13225.0,206.0,13220.0,159.0,13225.0,al2005,13290.0,20.0,13285.0,219.0,13285.0,-65.0,-65.0,-60.0,2020-03-02
2020-03-02 11:30:00,al2004,13225.0,203.0,13220.0,159.0,13225.0,al2005,13290.0,20.0,13285.0,219.0,13285.0,-65.0,-65.0,-60.0,2020-03-02
2020-03-02 13:30:00,al2004,13230.0,292.0,13225.0,34.0,13230.0,al2005,13290.0,121.0,13285.0,175.0,13290.0,-60.0,-60.0,-60.0,2020-03-02
2020-03-02 13:40:00,al2004,13230.0,328.0,13225.0,123.0,13225.0,al2005,13290.0,316.0,13285.0,354.0,13290.0,-60.0,-60.0,-65.0,2020-03-02
2020-03-02 13:50:00,al2004,13260.0,207.0,13255.0,104.0,13260.0,al2005,13325.0,203.0,13320.0,129.0,13320.0,-65.0,-65.0,-60.0,2020-03-02
2020-03-02 14:00:00,al2004,13260.0,176.0,13255.0,7.0,13260.0,al2005,13320.0,150.0,13315.0,193.0,13320.0,-60.0,-60.0,-60.0,2020-03-02
2020-03-02 14:10:00,al2004,13255.0,92.0,13250.0,112.0,13250.0,al2005,13315.0,32.0,13310.0,133.0,13310.0,-60.0,-60.0,-60.0,2020-03-02
2020-03-02 14:20:00,al2004,13255.0,229.0,13250.0,116.0,13250.0,al2005,13315.0,342.0,13310.0,75.0,13310.0,-60.0,-60.0,-60.0,2020-03-02
2020-03-02 14:30:00,al2004,13260.0,42.0,13255.0,155.0,13260.0,al2005,13325.0,178.0,13320.0,55.0,13320.0,-65.0,-65.0,-60.0,2020-03-02
2020-03-02 14:40:00,al2004,13265.0,194.0,13260.0,78.0,13265.0,al2005,13330.0,282.0,13325.0,92.0,13325.0,-65.0,-65.0,-60.0,2020-03-02
2020-03-03 09:20:00,al2004,13310.0,127.0,13305.0,106.0,13310.0,al2005,13380.0,169.0,13375.0,251.0,13375.0,-70.0,-70.0,-65.0,2020-03-03
2020-03-03 09:30:00,al2004,13320.0,128.0,13315.0,54.0,13315.0,al2005,13385.0,184.0,13380.0,164.0,13385.0,-65.0,-65.0,-70.0,2020-03-03
2020-03-03 09:40:00,al2004,13310.0,115.0,13305.0,115.0,13305.0,al2005,13375.0,80.0,13370.0,166.0,13370.0,-65.0,-65.0,-65.0,2020-03-03
2020-03-03 09:50:00,al2004,13305.0,69.0,13300.0,380.0,13305.0,al2005,13370.0,188.0,13365.0,182.0,13365.0,-65.0,-65.0,-60.0,2020-03-03
2020-03-03 10:00:00,al2004,13305.0,198.0,13300.0,422.0,13305.0,al2005,13365.0,56.0,13360.0,359.0,13365.0,-60.0,-60.0,-60.0,2020-03-03
2020-03-03 10:10:00,al2004,13280.0,154.0,13275.0,159.0,13275.0,al2005,13345.0,55.0,13330.0,35.0,13335.0,-55.0,-65.0,-60.0,2020-03-03
2020-03-03 10:30:00,al2004,13300.0,119.0,13295.0,116.0,13300.0,al2005,13360.0,67.0,13355.0,226.0,13355.0,-60.0,-60.0,-55.0,2020-03-03
2020-03-03 10:40:00,al2004,13305.0,214.0,13300.0,62.0,13300.0,al2005,13365.0,179.0,13360.0,256.0,13360.0,-60.0,-60.0,-60.0,2020-03-03
2020-03-03 10:50:00,al2004,13295.0,162.0,13290.0,35.0,13290.0,al2005,13355.0,94.0,13350.0,57.0,13350.0,-60.0,-60.0,-60.0,2020-03-03
2020-03-03 11:00:00,al2004,13290.0,46.0,13285.0,129.0,13290.0,al2005,13350.0,158.0,13345.0,66.0,13350.0,-60.0,-60.0,-60.0,2020-03-03
2020-03-03 11:10:00,al2004,13290.0,152.0,13285.0,30.0,13290.0,al2005,13345.0,101.0,13340.0,161.0,13340.0,-55.0,-55.0,-50.0,2020-03-03
2020-03-03 11:20:00,al2004,13295.0,62.0,13290.0,56.0,13290.0,al2005,13350.0,32.0,13345.0,65.0,13345.0,-55.0,-55.0,-55.0,2020-03-03
2020-03-03 11:30:00,al2004,13295.0,61.0,13290.0,56.0,13290.0,al2005,13350.0,32.0,13345.0,65.0,13345.0,-55.0,-55.0,-55.0,2020-03-03
2020-03-03 13:30:00,al2004,13285.0,75.0,13280.0,186.0,13285.0,al2005,13340.0,57.0,13335.0,110.0,13340.0,-55.0,-55.0,-55.0,2020-03-03
2020-03-03 13:40:00,al2004,13285.0,35.0,13280.0,200.0,13280.0,al2005,13345.0,142.0,13340.0,43.0,13340.0,-60.0,-60.0,-60.0,2020-03-03
2020-03-03 13:50:00,al2004,13290.0,164.0,13285.0,76.0,13290.0,al2005,13350.0,135.0,13345.0,84.0,13350.0,-60.0,-60.0,-60.0,2020-03-03
2020-03-03 14:00:00,al2004,13285.0,120.0,13280.0,106.0,13285.0,al2005,13345.0,164.0,13340.0,135.0,13345.0,-60.0,-60.0,-60.0,2020-03-03
2020-03-03 14:10:00,al2004,13265.0,171.0,13260.0,52.0,13260.0,al2005,13325.0,88.0,13320.0,94.0,13320.0,-60.0,-60.0,-60.0,2020-03-03
2020-03-03 14:20:00,al2004,13270.0,133.0,13265.0,152.0,13270.0,al2005,13330.0,84.0,13325.0,132.0,13330.0,-60.0,-60.0,-60.0,2020-03-03
2020-03-03 14:30:00,al2004,13275.0,102.0,13270.0,205.0,13275.0,al2005,13335.0,130.0,13330.0,42.0,13330.0,-60.0,-60.0,-55.0,2020-03-03
2020-03-03 14:40:00,al2004,13275.0,133.0,13270.0,120.0,13275.0,al2005,13335.0,124.0,13330.0,36.0,13330.0,-60.0,-60.0,-55.0,2020-03-03
2020-03-04 09:20:00,al2004,13175.0,52.0,13170.0,55.0,13175.0,al2005,13235.0,106.0,13230.0,167.0,13235.0,-60.0,-60.0,-60.0,2020-03-04
2020-03-04 09:30:00,al2004,13165.0,66.0,13160.0,50.0,13160.0,al2005,13225.0,170.0,13220.0,73.0,13225.0,-60.0,-60.0,-65.0,2020-03-04
2020-03-04 09:40:00,al2004,13175.0,160.0,13170.0,270.0,13175.0,al2005,13225.0,16.0,13220.0,174.0,13225.0,-50.0,-50.0,-50.0,2020-03-04
2020-03-04 09:50:00,al2004,13155.0,50.0,13150.0,465.0,13150.0,al2005,13210.0,65.0,13205.0,175.0,13205.0,-55.0,-55.0,-55.0,2020-03-04
2020-03-04 10:00:00,al2004,13130.0,130.0,13125.0,32.0,13125.0,al2005,13180.0,103.0,13175.0,57.0,13175.0,-50.0,-50.0,-50.0,2020-03-04
2020-03-04 10:10:00,al2004,13125.0,27.0,13120.0,6.0,13120.0,al2005,13180.0,130.0,13175.0,1.0,13175.0,-55.0,-55.0,-55.0,2020-03-04
2020-03-04 10:30:00,al2004,13140.0,107.0,13135.0,84.0,13140.0,al2005,13200.0,146.0,13190.0,105.0,13195.0,-55.0,-60.0,-55.0,2020-03-04
2020-03-04 10:40:00,al2004,13155.0,86.0,13145.0,133.0,13150.0,al2005,13210.0,97.0,13205.0,111.0,13205.0,-60.0,-55.0,-55.0,2020-03-04
2020-03-04 10:50:00,al2004,13160.0,183.0,13155.0,17.0,13155.0,al2005,13215.0,114.0,13210.0,110.0,13215.0,-55.0,-55.0,-60.0,2020-03-04
2020-03-04 11:00:00,al2004,13155.0,77.0,13150.0,58.0,13155.0,al2005,13210.0,150.0,13205.0,86.0,13210.0,-55.0,-55.0,-55.0,2020-03-04
2020-03-04 11:10:00,al2004,13160.0,173.0,13155.0,94.0,13155.0,al2005,13215.0,126.0,13210.0,50.0,13210.0,-55.0,-55.0,-55.0,2020-03-04
2020-03-04 11:20:00,al2004,13155.0,22.0,13150.0,136.0,13150.0,al2005,13210.0,48.0,13205.0,28.0,13205.0,-55.0,-55.0,-55.0,2020-03-04
2020-03-04 11:30:00,al2004,13155.0,22.0,13150.0,136.0,13150.0,al2005,13210.0,49.0,13205.0,28.0,13205.0,-55.0,-55.0,-55.0,2020-03-04
2020-03-04 13:30:00,al2004,13170.0,99.0,13165.0,225.0,13170.0,al2005,13230.0,168.0,13225.0,41.0,13225.0,-60.0,-60.0,-55.0,2020-03-04
2020-03-04 13:40:00,al2004,13165.0,195.0,13160.0,93.0,13165.0,al2005,13225.0,135.0,13220.0,29.0,13220.0,-60.0,-60.0,-55.0,2020-03-04
2020-03-04 13:50:00,al2004,13170.0,199.0,13165.0,188.0,13170.0,al2005,13225.0,1.0,13220.0,116.0,13225.0,-55.0,-55.0,-55.0,2020-03-04
2020-03-04 14:00:00,al2004,13175.0,128.0,13170.0,33.0,13170.0,al2005,13230.0,82.0,13225.0,190.0,13230.0,-55.0,-55.0,-60.0,2020-03-04
2020-03-04 14:10:00,al2004,13180.0,255.0,13175.0,10.0,13175.0,al2005,13235.0,67.0,13230.0,172.0,13235.0,-55.0,-55.0,-60.0,2020-03-04
2020-03-04 14:20:00,al2004,13175.0,122.0,13170.0,131.0,13170.0,al2005,13235.0,207.0,13230.0,71.0,13230.0,-60.0,-60.0,-60.0,2020-03-04
2020-03-04 14:30:00,al2004,13170.0,368.0,13165.0,78.0,13165.0,al2005,13230.0,775.0,13225.0,99.0,13225.0,-60.0,-60.0,-60.0,2020-03-04
2020-03-04 14:40:00,al2004,13170.0,105.0,13165.0,190.0,13165.0,al2005,13230.0,655.0,13225.0,127.0,13230.0,-60.0,-60.0,-65.0,2020-03-04
2020-03-05 09:20:00,al2004,13170.0,132.0,13165.0,218.0,13165.0,al2005,13220.0,186.0,13215.0,85.0,13215.0,-50.0,-50.0,-50.0,2020-03-05
2020-03-05 09:30:00,al2004,13165.0,87.0,13160.0,150.0,13165.0,al2005,13215.0,19.0,13210.0,81.0,13210.0,-50.0,-50.0,-45.0,2020-03-05
2020-03-05 09:40:00,al2004,13175.0,233.0,13170.0,149.0,13170.0,al2005,13220.0,164.0,13215.0,152.0,13220.0,-45.0,-45.0,-50.0,2020-03-05
2020-03-05 09:50:00,al2004,13180.0,252.0,13175.0,201.0,13180.0,al2005,13230.0,309.0,13225.0,210.0,13230.0,-50.0,-50.0,-50.0,2020-03-05
2020-03-05 10:00:00,al2004,13180.0,334.0,13175.0,263.0,13175.0,al2005,13225.0,174.0,13220.0,124.0,13225.0,-45.0,-45.0,-50.0,2020-03-05
2020-03-05 10:10:00,al2004,13175.0,169.0,13170.0,21.0,13175.0,al2005,13220.0,3.0,13215.0,154.0,13220.0,-45.0,-45.0,-45.0,2020-03-05
2020-03-05 10:30:00,al2004,13210.0,133.0,13205.0,98.0,13205.0,al2005,13260.0,1.0,13255.0,821.0,13260.0,-50.0,-50.0,-55.0,2020-03-05
2020-03-05 10:40:00,al2004,13215.0,106.0,13210.0,110.0,13215.0,al2005,13265.0,18.0,13260.0,159.0,13260.0,-50.0,-50.0,-45.0,2020-03-05
2020-03-05 10:50:00,al2004,13210.0,89.0,13205.0,141.0,13210.0,al2005,13265.0,141.0,13260.0,114.0,13260.0,-55.0,-55.0,-50.0,2020-03-05
2020-03-05 11:00:00,al2004,13215.0,70.0,13210.0,208.0,13215.0,al2005,13265.0,96.0,13260.0,101.0,13265.0,-50.0,-50.0,-50.0,2020-03-05
2020-03-05 11:10:00,al2004,13215.0,122.0,13210.0,151.0,13215.0,al2005,13265.0,123.0,13260.0,103.0,13260.0,-50.0,-50.0,-45.0,2020-03-05
2020-03-05 11:20:00,al2004,13215.0,26.0,13210.0,70.0,13215.0,al2005,13265.0,44.0,13260.0,58.0,13265.0,-50.0,-50.0,-50.0,2020-03-05
2020-03-05 11:30:00,al2004,13215.0,26.0,13210.0,70.0,13215.0,al2005,13265.0,44.0,13260.0,58.0,13265.0,-50.0,-50.0,-50.0,2020-03-05
2020-03-05 13:30:00,al2004,13215.0,216.0,13210.0,85.0,13215.0,al2005,13260.0,284.0,13255.0,194.0,13260.0,-45.0,-45.0,-45.0,2020-03-05
2020-03-05 13:40:00,al2004,13215.0,64.0,13210.0,127.0,13215.0,al2005,13265.0,272.0,13260.0,35.0,13260.0,-50.0,-50.0,-45.0,2020-03-05
2020-03-05 13:50:00,al2004,13210.0,122.0,13205.0,146.0,13210.0,al2005,13260.0,232.0,13255.0,84.0,13255.0,-50.0,-50.0,-45.0,2020-03-05
2020-03-05 14:00:00,al2004,13200.0,57.0,13195.0,110.0,13195.0,al2005,13250.0,163.0,13245.0,31.0,13245.0,-50.0,-50.0,-50.0,2020-03-05
2020-03-05 14:10:00,al2004,13210.0,264.0,13205.0,1.0,13210.0,al2005,13255.0,167.0,13250.0,46.0,13250.0,-45.0,-45.0,-40.0,2020-03-05
2020-03-05 14:20:00,al2004,13200.0,89.0,13195.0,155.0,13200.0,al2005,13250.0,183.0,13245.0,36.0,13245.0,-50.0,-50.0,-45.0,2020-03-05
2020-03-05 14:30:00,al2004,13205.0,44.0,13200.0,313.0,13205.0,al2005,13250.0,103.0,13245.0,146.0,13245.0,-45.0,-45.0,-40.0,2020-03-05
2020-03-05 14:40:00,al2004,13205.0,230.0,13200.0,277.0,13200.0,al2005,13250.0,141.0,13245.0,181.0,13245.0,-45.0,-45.0,-45.0,2020-03-05
2020-03-06 09:20:00,al2004,13145.0,35.0,13140.0,136.0,13140.0,al2005,13190.0,130.0,13185.0,111.0,13185.0,-45.0,-45.0,-45.0,2020-03-06
2020-03-06 09:30:00,al2004,13145.0,86.0,13140.0,133.0,13145.0,al2005,13190.0,175.0,13185.0,41.0,13185.0,-45.0,-45.0,-40.0,2020-03-06
2020-03-06 09:40:00,al2004,13140.0,161.0,13135.0,108.0,13140.0,al2005,13180.0,73.0,13175.0,303.0,13175.0,-40.0,-40.0,-35.0,2020-03-06
2020-03-06 09:50:00,al2004,13150.0,104.0,13145.0,105.0,13150.0,al2005,13195.0,134.0,13190.0,53.0,13195.0,-45.0,-45.0,-45.0,2020-03-06
2020-03-06 10:00:00,al2004,13155.0,162.0,13150.0,126.0,13155.0,al2005,13195.0,95.0,13190.0,371.0,13190.0,-40.0,-40.0,-35.0,2020-03-06
2020-03-06 10:10:00,al2004,13155.0,1.0,13150.0,15.0,13150.0,al2005,13195.0,41.0,13190.0,201.0,13190.0,-40.0,-40.0,-40.0,2020-03-06
2020-03-06 10:30:00,al2004,13165.0,124.0,13160.0,70.0,13165.0,al2005,13205.0,228.0,13200.0,32.0,13200.0,-40.0,-40.0,-35.0,2020-03-06
2020-03-06 10:40:00,al2004,13155.0,122.0,13150.0,118.0,13155.0,al2005,13195.0,159.0,13190.0,83.0,13195.0,-40.0,-40.0,-40.0,2020-03-06
2020-03-06 10:50:00,al2004,13155.0,138.0,13150.0,104.0,13150.0,al2005,13190.0,13.0,13185.0,175.0,13190.0,-35.0,-35.0,-40.0,2020-03-06
2020-03-06 11:00:00,al2004,13160.0,279.0,13155.0,49.0,13160.0,al2005,13200.0,355.0,13195.0,64.0,13200.0,-40.0,-40.0,-40.0,2020-03-06
2020-03-06 11:10:00,al2004,13150.0,150.0,13145.0,533.0,13150.0,al2005,13190.0,179.0,13185.0,71.0,13190.0,-40.0,-40.0,-40.0,2020-03-06
2020-03-06 11:20:00,al2004,13140.0,76.0,13130.0,27.0,13135.0,al2005,13170.0,124.0,13165.0,116.0,13170.0,-35.0,-30.0,-35.0,2020-03-06
2020-03-06 11:30:00,al2004,13140.0,76.0,13130.0,27.0,13135.0,al2005,13170.0,124.0,13165.0,116.0,13170.0,-35.0,-30.0,-35.0,2020-03-06
2020-03-06 13:30:00,al2004,13115.0,147.0,13110.0,9.0,13110.0,al2005,13145.0,228.0,13140.0,60.0,13140.0,-30.0,-30.0,-30.0,2020-03-06
2020-03-06 13:40:00,al2004,13110.0,51.0,13105.0,107.0,13105.0,al2005,13145.0,206.0,13140.0,106.0,13140.0,-35.0,-35.0,-35.0,2020-03-06
2020-03-06 13:50:00,al2004,13120.0,78.0,13115.0,66.0,13115.0,al2005,13155.0,214.0,13150.0,158.0,13155.0,-35.0,-35.0,-40.0,2020-03-06
2020-03-06 14:00:00,al2004,13125.0,133.0,13120.0,84.0,13125.0,al2005,13165.0,114.0,13160.0,144.0,13160.0,-40.0,-40.0,-35.0,2020-03-06
2020-03-06 14:10:00,al2004,13135.0,24.0,13130.0,127.0,13135.0,al2005,13175.0,128.0,13170.0,136.0,13170.0,-40.0,-40.0,-35.0,2020-03-06
2020-03-06 14:20:00,al2004,13135.0,12.0,13130.0,103.0,13135.0,al2005,13175.0,95.0,13170.0,122.0,13175.0,-40.0,-40.0,-40.0,2020-03-06
2020-03-06 14:30:00,al2004,13130.0,12.0,13125.0,206.0,13130.0,al2005,13170.0,254.0,13165.0,122.0,13170.0,-40.0,-40.0,-40.0,2020-03-06
2020-03-06 14:40:00,al2004,13140.0,105.0,13135.0,85.0,13135.0,al2005,13180.0,116.0,13175.0,171.0,13180.0,-40.0,-40.0,-45.0,2020-03-06
2020-03-09 09:20:00,al2004,12935.0,73.0,12930.0,41.0,12930.0,al2005,12975.0,16.0,12970.0,81.0,12970.0,-40.0,-40.0,-40.0,2020-03-09
2020-03-09 09:30:00,al2004,12925.0,21.0,12920.0,78.0,12920.0,al2005,12970.0,80.0,12965.0,80.0,12970.0,-45.0,-45.0,-50.0,2020-03-09
2020-03-09 09:40:00,al2004,12915.0,134.0,12910.0,14.0,12910.0,al2005,12950.0,35.0,12945.0,113.0,12950.0,-35.0,-35.0,-40.0,2020-03-09
2020-03-09 09:50:00,al2004,12910.0,65.0,12905.0,77.0,12910.0,al2005,12945.0,43.0,12940.0,81.0,12940.0,-35.0,-35.0,-30.0,2020-03-09
2020-03-09 10:00:00,al2004,12900.0,11.0,12895.0,208.0,12900.0,al2005,12935.0,33.0,12930.0,137.0,12935.0,-35.0,-35.0,-35.0,2020-03-09
2020-03-09 10:10:00,al2004,12895.0,155.0,12890.0,73.0,12895.0,al2005,12935.0,97.0,12930.0,1.0,12930.0,-40.0,-40.0,-35.0,2020-03-09
2020-03-09 10:30:00,al2004,12875.0,172.0,12870.0,37.0,12875.0,al2005,12910.0,100.0,12905.0,353.0,12905.0,-35.0,-35.0,-30.0,2020-03-09
2020-03-09 10:40:00,al2004,12885.0,88.0,12880.0,99.0,12885.0,al2005,12925.0,235.0,12920.0,95.0,12920.0,-40.0,-40.0,-35.0,2020-03-09
2020-03-09 10:50:00,al2004,12880.0,94.0,12875.0,76.0,12875.0,al2005,12915.0,48.0,12910.0,149.0,12915.0,-35.0,-35.0,-40.0,2020-03-09
2020-03-09 11:00:00,al2004,12875.0,56.0,12870.0,73.0,12875.0,al2005,12910.0,115.0,12905.0,111.0,12905.0,-35.0,-35.0,-30.0,2020-03-09
2020-03-09 11:10:00,al2004,12880.0,190.0,12875.0,30.0,12875.0,al2005,12910.0,78.0,12905.0,199.0,12910.0,-30.0,-30.0,-35.0,2020-03-09
2020-03-09 11:20:00,al2004,12875.0,14.0,12870.0,14.0,12875.0,al2005,12915.0,122.0,12910.0,73.0,12910.0,-40.0,-40.0,-35.0,2020-03-09
2020-03-09 11:30:00,al2004,12875.0,9.0,12870.0,14.0,12875.0,al2005,12915.0,122.0,12910.0,73.0,12910.0,-40.0,-40.0,-35.0,2020-03-09
2020-03-09 13:30:00,al2004,12840.0,159.0,12835.0,58.0,12835.0,al2005,12870.0,193.0,12865.0,30.0,12865.0,-30.0,-30.0,-30.0,2020-03-09
2020-03-09 13:40:00,al2004,12820.0,31.0,12815.0,105.0,12820.0,al2005,12850.0,133.0,12845.0,65.0,12845.0,-30.0,-30.0,-25.0,2020-03-09
2020-03-09 13:50:00,al2004,12825.0,202.0,12820.0,99.0,12825.0,al2005,12855.0,46.0,12850.0,102.0,12855.0,-30.0,-30.0,-30.0,2020-03-09
2020-03-09 14:00:00,al2004,12835.0,68.0,12830.0,86.0,12835.0,al2005,12865.0,92.0,12860.0,241.0,12865.0,-30.0,-30.0,-30.0,2020-03-09
2020-03-09 14:10:00,al2004,12890.0,101.0,12885.0,87.0,12885.0,al2005,12930.0,28.0,12925.0,67.0,12930.0,-40.0,-40.0,-45.0,2020-03-09
2020-03-09 14:20:00,al2004,12855.0,3.0,12850.0,127.0,12855.0,al2005,12890.0,182.0,12885.0,193.0,12885.0,-35.0,-35.0,-30.0,2020-03-09
2020-03-09 14:30:00,al2004,12860.0,126.0,12855.0,7.0,12860.0,al2005,12890.0,147.0,12885.0,144.0,12890.0,-30.0,-30.0,-30.0,2020-03-09
2020-03-09 14:40:00,al2004,12860.0,125.0,12855.0,88.0,12855.0,al2005,12900.0,148.0,12890.0,176.0,12895.0,-35.0,-40.0,-40.0,2020-03-09
2020-03-10 09:20:00,al2004,12925.0,223.0,12920.0,17.0,12920.0,al2005,12965.0,33.0,12960.0,109.0,12965.0,-40.0,-40.0,-45.0,2020-03-10
2020-03-10 09:30:00,al2004,12925.0,62.0,12920.0,103.0,12925.0,al2005,12970.0,226.0,12965.0,52.0,12965.0,-45.0,-45.0,-40.0,2020-03-10
2020-03-10 09:40:00,al2004,12925.0,87.0,12920.0,118.0,12925.0,al2005,12965.0,66.0,12960.0,178.0,12965.0,-40.0,-40.0,-40.0,2020-03-10
2020-03-10 09:50:00,al2004,12925.0,120.0,12920.0,121.0,12920.0,al2005,12965.0,144.0,12960.0,96.0,12960.0,-40.0,-40.0,-40.0,2020-03-10
2020-03-10 10:00:00,al2004,12905.0,473.0,12900.0,17.0,12900.0,al2005,12940.0,64.0,12935.0,277.0,12935.0,-35.0,-35.0,-35.0,2020-03-10
2020-03-10 10:10:00,al2004,12900.0,106.0,12890.0,95.0,12900.0,al2005,12935.0,31.0,12930.0,83.0,12935.0,-40.0,-35.0,-35.0,2020-03-10
2020-03-10 10:30:00,al2004,12895.0,47.0,12890.0,98.0,12895.0,al2005,12935.0,185.0,12930.0,122.0,12930.0,-40.0,-40.0,-35.0,2020-03-10
2020-03-10 10:40:00,al2004,12885.0,70.0,12880.0,182.0,12885.0,al2005,12925.0,143.0,12920.0,73.0,12920.0,-40.0,-40.0,-35.0,2020-03-10
2020-03-10 10:50:00,al2004,12875.0,45.0,12870.0,140.0,12875.0,al2005,12920.0,129.0,12915.0,165.0,12920.0,-45.0,-45.0,-45.0,2020-03-10
2020-03-10 11:00:00,al2004,12885.0,19.0,12880.0,168.0,12885.0,al2005,12930.0,175.0,12925.0,18.0,12925.0,-45.0,-45.0,-40.0,2020-03-10
2020-03-10 11:10:00,al2004,12890.0,92.0,12885.0,149.0,12890.0,al2005,12935.0,157.0,12930.0,70.0,12930.0,-45.0,-45.0,-40.0,2020-03-10
2020-03-10 11:20:00,al2004,12900.0,91.0,12895.0,40.0,12895.0,al2005,12940.0,58.0,12935.0,123.0,12940.0,-40.0,-40.0,-45.0,2020-03-10
2020-03-10 11:30:00,al2004,12900.0,85.0,12895.0,40.0,12895.0,al2005,12940.0,60.0,12935.0,123.0,12940.0,-40.0,-40.0,-45.0,2020-03-10
2020-03-10 13:30:00,al2004,12995.0,138.0,12990.0,18.0,12990.0,al2005,13045.0,79.0,13040.0,33.0,13040.0,-50.0,-50.0,-50.0,2020-03-10
2020-03-10 13:40:00,al2004,12955.0,94.0,12950.0,46.0,12950.0,al2005,13000.0,257.0,12995.0,65.0,13000.0,-45.0,-45.0,-50.0,2020-03-10
2020-03-10 13:50:00,al2004,12955.0,102.0,12945.0,92.0,12950.0,al2005,13000.0,168.0,12995.0,73.0,12995.0,-50.0,-45.0,-45.0,2020-03-10
2020-03-10 14:00:00,al2004,12955.0,29.0,12950.0,245.0,12950.0,al2005,13005.0,242.0,13000.0,210.0,13000.0,-50.0,-50.0,-50.0,2020-03-10
2020-03-10 14:10:00,al2004,12945.0,9.0,12940.0,141.0,12945.0,al2005,12995.0,226.0,12990.0,101.0,12990.0,-50.0,-50.0,-45.0,2020-03-10
2020-03-10 14:20:00,al2004,12945.0,17.0,12940.0,132.0,12940.0,al2005,12995.0,108.0,12990.0,117.0,12990.0,-50.0,-50.0,-50.0,2020-03-10
2020-03-10 14:30:00,al2004,12945.0,90.0,12940.0,8.0,12940.0,al2005,12990.0,158.0,12985.0,247.0,12985.0,-45.0,-45.0,-45.0,2020-03-10
2020-03-10 14:40:00,al2004,12950.0,579.0,12945.0,17.0,12945.0,al2005,12995.0,168.0,12990.0,128.0,12995.0,-45.0,-45.0,-50.0,2020-03-10
2020-03-11 09:20:00,al2004,12905.0,146.0,12900.0,1.0,12900.0,al2005,12955.0,91.0,12950.0,86.0,12950.0,-50.0,-50.0,-50.0,2020-03-11
2020-03-11 09:30:00,al2004,12895.0,115.0,12890.0,80.0,12890.0,al2005,12950.0,561.0,12945.0,161.0,12950.0,-55.0,-55.0,-60.0,2020-03-11
2020-03-11 09:40:00,al2004,12890.0,168.0,12885.0,121.0,12885.0,al2005,12945.0,269.0,12940.0,254.0,12940.0,-55.0,-55.0,-55.0,2020-03-11
2020-03-11 09:50:00,al2004,12900.0,79.0,12895.0,252.0,12895.0,al2005,12950.0,103.0,12945.0,214.0,12945.0,-50.0,-50.0,-50.0,2020-03-11
2020-03-11 10:00:00,al2004,12900.0,386.0,12895.0,6.0,12895.0,al2005,12950.0,93.0,12945.0,182.0,12950.0,-50.0,-50.0,-55.0,2020-03-11
2020-03-11 10:10:00,al2004,12895.0,32.0,12890.0,84.0,12895.0,al2005,12950.0,98.0,12945.0,37.0,12945.0,-55.0,-55.0,-50.0,2020-03-11
2020-03-11 10:30:00,al2004,12895.0,44.0,12890.0,260.0,12895.0,al2005,12945.0,52.0,12940.0,308.0,12940.0,-50.0,-50.0,-45.0,2020-03-11
2020-03-11 10:40:00,al2004,12905.0,83.0,12900.0,113.0,12905.0,al2005,12960.0,166.0,12955.0,262.0,12960.0,-55.0,-55.0,-55.0,2020-03-11
2020-03-11 10:50:00,al2004,12910.0,82.0,12905.0,59.0,12910.0,al2005,12965.0,49.0,12960.0,121.0,12965.0,-55.0,-55.0,-55.0,2020-03-11
2020-03-11 11:00:00,al2004,12910.0,82.0,12905.0,184.0,12910.0,al2005,12965.0,66.0,12960.0,164.0,12960.0,-55.0,-55.0,-50.0,2020-03-11
2020-03-11 11:10:00,al2004,12920.0,78.0,12915.0,84.0,12920.0,al2005,12980.0,180.0,12975.0,74.0,12980.0,-60.0,-60.0,-60.0,2020-03-11
2020-03-11 11:20:00,al2004,12920.0,5.0,12915.0,51.0,12920.0,al2005,12980.0,104.0,12970.0,52.0,12975.0,-55.0,-60.0,-55.0,2020-03-11
2020-03-11 11:30:00,al2004,12920.0,8.0,12915.0,53.0,12920.0,al2005,12980.0,104.0,12970.0,52.0,12975.0,-55.0,-60.0,-55.0,2020-03-11
2020-03-11 13:30:00,al2004,12905.0,117.0,12900.0,12.0,12905.0,al2005,12960.0,60.0,12955.0,97.0,12960.0,-55.0,-55.0,-55.0,2020-03-11
2020-03-11 13:40:00,al2004,12905.0,101.0,12900.0,72.0,12905.0,al2005,12960.0,33.0,12955.0,178.0,12960.0,-55.0,-55.0,-55.0,2020-03-11
2020-03-11 13:50:00,al2004,12910.0,117.0,12905.0,126.0,12910.0,al2005,12970.0,228.0,12965.0,263.0,12970.0,-60.0,-60.0,-60.0,2020-03-11
2020-03-11 14:00:00,al2004,12905.0,6.0,12900.0,151.0,12900.0,al2005,12965.0,148.0,12960.0,38.0,12960.0,-60.0,-60.0,-60.0,2020-03-11
2020-03-11 14:10:00,al2004,12900.0,5.0,12895.0,238.0,12900.0,al2005,12960.0,212.0,12955.0,110.0,12960.0,-60.0,-60.0,-60.0,2020-03-11
2020-03-11 14:20:00,al2004,12900.0,88.0,12895.0,38.0,12895.0,al2005,12955.0,95.0,12950.0,102.0,12950.0,-55.0,-55.0,-55.0,2020-03-11
2020-03-11 14:30:00,al2004,12895.0,84.0,12890.0,547.0,12895.0,al2005,12950.0,124.0,12945.0,151.0,12945.0,-55.0,-55.0,-50.0,2020-03-11
2020-03-11 14:40:00,al2004,12895.0,100.0,12890.0,253.0,12895.0,al2005,12950.0,529.0,12945.0,175.0,12945.0,-55.0,-55.0,-50.0,2020-03-11
2020-03-12 09:20:00,al2004,12835.0,69.0,12830.0,25.0,12835.0,al2005,12890.0,108.0,12885.0,46.0,12885.0,-55.0,-55.0,-50.0,2020-03-12
2020-03-12 09:30:00,al2004,12835.0,89.0,12830.0,64.0,12835.0,al2005,12890.0,143.0,12885.0,78.0,12890.0,-55.0,-55.0,-55.0,2020-03-12
2020-03-12 09:40:00,al2004,12825.0,89.0,12820.0,113.0,12820.0,al2005,12875.0,104.0,12870.0,189.0,12875.0,-50.0,-50.0,-55.0,2020-03-12
2020-03-12 09:50:00,al2004,12825.0,111.0,12820.0,53.0,12820.0,al2005,12880.0,193.0,12875.0,24.0,12880.0,-55.0,-55.0,-60.0,2020-03-12
2020-03-12 10:00:00,al2004,12815.0,14.0,12810.0,130.0,12815.0,al2005,12870.0,173.0,12865.0,140.0,12865.0,-55.0,-55.0,-50.0,2020-03-12
2020-03-12 10:10:00,al2004,12820.0,9.0,12815.0,4.0,12810.0,al2005,12870.0,65.0,12865.0,47.0,12865.0,-50.0,-50.0,-55.0,2020-03-12
2020-03-12 10:30:00,al2004,12805.0,105.0,12800.0,309.0,12800.0,al2005,12855.0,216.0,12850.0,47.0,12850.0,-50.0,-50.0,-50.0,2020-03-12
2020-03-12 10:40:00,al2004,12800.0,53.0,12795.0,38.0,12800.0,al2005,12850.0,90.0,12845.0,158.0,12845.0,-50.0,-50.0,-45.0,2020-03-12
2020-03-12 10:50:00,al2004,12795.0,2.0,12790.0,157.0,12795.0,al2005,12845.0,163.0,12840.0,242.0,12840.0,-50.0,-50.0,-45.0,2020-03-12
2020-03-12 11:00:00,al2004,12810.0,54.0,12805.0,66.0,12805.0,al2005,12860.0,152.0,12855.0,21.0,12855.0,-50.0,-50.0,-50.0,2020-03-12
2020-03-12 11:10:00,al2004,12805.0,55.0,12800.0,44.0,12805.0,al2005,12850.0,105.0,12845.0,112.0,12845.0,-45.0,-45.0,-40.0,2020-03-12
2020-03-12 11:20:00,al2004,12800.0,43.0,12795.0,25.0,12800.0,al2005,12845.0,29.0,12840.0,259.0,12840.0,-45.0,-45.0,-40.0,2020-03-12
2020-03-12 11:30:00,al2004,12800.0,43.0,12795.0,19.0,12800.0,al2005,12845.0,29.0,12840.0,259.0,12840.0,-45.0,-45.0,-40.0,2020-03-12
2020-03-12 13:30:00,al2004,12815.0,87.0,12810.0,17.0,12810.0,al2005,12860.0,201.0,12855.0,120.0,12855.0,-45.0,-45.0,-45.0,2020-03-12
2020-03-12 13:40:00,al2004,12815.0,77.0,12810.0,35.0,12810.0,al2005,12865.0,280.0,12860.0,69.0,12860.0,-50.0,-50.0,-50.0,2020-03-12
2020-03-12 13:50:00,al2004,12820.0,178.0,12815.0,31.0,12815.0,al2005,12870.0,420.0,12865.0,123.0,12865.0,-50.0,-50.0,-50.0,2020-03-12
2020-03-12 14:00:00,al2004,12815.0,104.0,12810.0,106.0,12810.0,al2005,12870.0,242.0,12865.0,141.0,12870.0,-55.0,-55.0,-60.0,2020-03-12
2020-03-12 14:10:00,al2004,12815.0,159.0,12810.0,115.0,12815.0,al2005,12870.0,148.0,12865.0,195.0,12870.0,-55.0,-55.0,-55.0,2020-03-12
2020-03-12 14:20:00,al2004,12825.0,128.0,12820.0,75.0,12825.0,al2005,12875.0,248.0,12870.0,110.0,12870.0,-50.0,-50.0,-45.0,2020-03-12
2020-03-12 14:30:00,al2004,12835.0,103.0,12830.0,31.0,12835.0,al2005,12890.0,107.0,12885.0,190.0,12890.0,-55.0,-55.0,-55.0,2020-03-12
2020-03-12 14:40:00,al2004,12820.0,60.0,12815.0,183.0,12815.0,al2005,12875.0,153.0,12870.0,159.0,12875.0,-55.0,-55.0,-60.0,2020-03-12
2020-03-13 09:20:00,al2004,12750.0,61.0,12745.0,46.0,12745.0,al2005,12800.0,252.0,12795.0,73.0,12800.0,-50.0,-50.0,-55.0,2020-03-13
2020-03-13 09:30:00,al2004,12750.0,101.0,12745.0,43.0,12745.0,al2005,12795.0,67.0,12790.0,203.0,12795.0,-45.0,-45.0,-50.0,2020-03-13
2020-03-13 09:40:00,al2004,12745.0,10.0,12740.0,87.0,12750.0,al2005,12800.0,110.0,12795.0,73.0,12795.0,-55.0,-55.0,-45.0,2020-03-13
2020-03-13 09:50:00,al2004,12745.0,68.0,12740.0,74.0,12740.0,al2005,12795.0,70.0,12790.0,136.0,12790.0,-50.0,-50.0,-50.0,2020-03-13
2020-03-13 10:00:00,al2004,12740.0,62.0,12735.0,255.0,12735.0,al2005,12790.0,88.0,12785.0,144.0,12790.0,-50.0,-50.0,-55.0,2020-03-13
2020-03-13 10:10:00,al2004,12735.0,191.0,12730.0,322.0,12735.0,al2005,12790.0,61.0,12785.0,68.0,12785.0,-55.0,-55.0,-50.0,2020-03-13
2020-03-13 10:30:00,al2004,12760.0,61.0,12755.0,46.0,12755.0,al2005,12815.0,147.0,12810.0,119.0,12810.0,-55.0,-55.0,-55.0,2020-03-13
2020-03-13 10:40:00,al2004,12740.0,236.0,12735.0,29.0,12735.0,al2005,12790.0,20.0,12785.0,140.0,12790.0,-50.0,-50.0,-55.0,2020-03-13
2020-03-13 10:50:00,al2004,12750.0,7.0,12745.0,76.0,12750.0,al2005,12805.0,98.0,12800.0,116.0,12805.0,-55.0,-55.0,-55.0,2020-03-13
2020-03-13 11:00:00,al2004,12745.0,96.0,12740.0,225.0,12745.0,al2005,12805.0,211.0,12795.0,171.0,12800.0,-55.0,-60.0,-55.0,2020-03-13
2020-03-13 11:10:00,al2004,12750.0,89.0,12745.0,88.0,12745.0,al2005,12805.0,106.0,12800.0,91.0,12800.0,-55.0,-55.0,-55.0,2020-03-13
2020-03-13 11:20:00,al2004,12755.0,64.0,12750.0,30.0,12755.0,al2005,12820.0,48.0,12815.0,12.0,12820.0,-65.0,-65.0,-65.0,2020-03-13
2020-03-13 11:30:00,al2004,12755.0,64.0,12750.0,30.0,12755.0,al2005,12820.0,48.0,12815.0,9.0,12815.0,-65.0,-65.0,-60.0,2020-03-13
2020-03-13 13:30:00,al2004,12860.0,35.0,12850.0,20.0,12850.0,al2005,12905.0,22.0,12900.0,49.0,12905.0,-50.0,-45.0,-55.0,2020-03-13
2020-03-13 13:40:00,al2004,12835.0,65.0,12830.0,56.0,12835.0,al2005,12900.0,90.0,12895.0,26.0,12895.0,-65.0,-65.0,-60.0,2020-03-13
2020-03-13 13:50:00,al2004,12840.0,36.0,12835.0,112.0,12840.0,al2005,12905.0,246.0,12900.0,40.0,12900.0,-65.0,-65.0,-60.0,2020-03-13
2020-03-13 14:00:00,al2004,12855.0,168.0,12850.0,27.0,12850.0,al2005,12915.0,136.0,12910.0,245.0,12915.0,-60.0,-60.0,-65.0,2020-03-13
2020-03-13 14:10:00,al2004,12850.0,164.0,12845.0,83.0,12845.0,al2005,12910.0,33.0,12905.0,128.0,12910.0,-60.0,-60.0,-65.0,2020-03-13
2020-03-13 14:20:00,al2004,12850.0,128.0,12845.0,96.0,12850.0,al2005,12910.0,411.0,12905.0,120.0,12910.0,-60.0,-60.0,-60.0,2020-03-13
2020-03-13 14:30:00,al2004,12845.0,25.0,12840.0,142.0,12840.0,al2005,12905.0,36.0,12900.0,147.0,12900.0,-60.0,-60.0,-60.0,2020-03-13
2020-03-13 14:40:00,al2004,12860.0,167.0,12855.0,19.0,12855.0,al2005,12925.0,182.0,12920.0,19.0,12920.0,-65.0,-65.0,-65.0,2020-03-13
